symbol,date,move,class
20MICRONS,2023-11-28,1.8406,UNEXPLAINED_KITE_FLAT
21STCENMGM,2025-04-01,2.0670,UNEXPLAINED_KITE_FLAT
3IINFOTECH,2012-11-23,0.6429,UNEXPLAINED
3PLAND,2020-10-12,1.3810,UNEXPLAINED_KITE_FLAT
3PLAND,2025-03-25,0.5544,UNEXPLAINED_KITE_FLAT
63MOONS,2022-05-02,0.5896,REVERTED
8KMILES,2016-10-10,0.4078,UNEXPLAINED
8KMILES,2018-10-19,0.3317,REVERTED
8KMILES,2020-09-15,0.5427,UNEXPLAINED
A2ZINFRA,2022-01-04,1.8087,UNEXPLAINED_KITE_FLAT
A2ZINFRA,2024-10-14,1.5891,UNEXPLAINED_KITE_FLAT
AAREYDRUGS,2025-01-27,0.6272,UNEXPLAINED_KITE_FLAT
AARTECH,2025-04-15,0.6301,UNEXPLAINED
AARTIIND,2005-02-09,0.3463,UNEXPLAINED_KITE_FLAT
AARTIIND,2006-01-13,0.5242,UNEXPLAINED_KITE_FLAT
AARTIIND,2008-12-01,0.6258,UNEXPLAINED_KITE_FLAT
AARVEEDEN,2008-12-01,0.3567,UNEXPLAINED
ABAN,2019-06-25,0.4942,UNCONFIRMED_RATIO
ABAN,2024-01-29,1.3915,UNEXPLAINED
ABAN,2026-06-29,0.2931,UNEXPLAINED
ABANLOYD,2005-05-04,0.2067,UNEXPLAINED
ABANSENT,2026-06-17,0.5590,UNEXPLAINED_KITE_FLAT
ABFRL,2025-05-22,0.3341,UNEXPLAINED_BOTH_MOVE
ABHISHEK,2010-02-19,0.5324,UNEXPLAINED
ABHISHEK,2026-06-29,40.0000,UNEXPLAINED
ABINFRA,2025-09-09,1.6104,UNEXPLAINED
ABIRLANUVO,2016-01-20,0.4271,UNEXPLAINED
ABMINTLLTD,2023-03-01,0.3531,REVERTED
ABMINTLLTD,2025-02-10,0.5513,UNEXPLAINED
ABMINTLLTD,2025-10-06,0.5946,REVERTED
ABMINTLTD,2021-02-02,1.9933,UNCONFIRMED_RATIO
ACEINTEG,2023-10-03,0.6369,UNEXPLAINED_KITE_FLAT
ADANIENT,2015-06-03,0.1723,UNEXPLAINED_BOTH_MOVE
ADANIPOWER,2021-09-20,0.6436,UNEXPLAINED_KITE_FLAT
ADHUNIK,2007-08-31,1.5063,UNCONFIRMED_RATIO
ADHUNIKIND,2018-02-07,1.7037,UNEXPLAINED
ADROITINFO,2019-06-25,0.5164,UNEXPLAINED
ADROITINFO,2020-09-16,0.5795,UNEXPLAINED
ADROITINFO,2021-08-09,0.5525,UNEXPLAINED
ADROITINFO,2022-06-13,0.5874,UNEXPLAINED
ADROITINFO,2025-02-17,0.6287,UNEXPLAINED
ADSL,2017-08-23,0.6403,UNEXPLAINED_KITE_FLAT
AEGISCHEM,2010-08-18,0.5726,UNEXPLAINED
AEGISCHEM,2015-09-16,0.0989,REVERTED
AFIL,2026-06-17,1.4357,UNEXPLAINED_KITE_FLAT
AFL,2017-12-29,0.5988,REVERTED
AGARIND,2018-05-22,0.4382,UNEXPLAINED_KITE_FLAT
AGCNET,2012-12-19,0.5254,UNEXPLAINED
AGCNET,2020-05-27,0.6126,UNEXPLAINED
AGCNET,2021-11-22,0.6493,UNEXPLAINED
AGRITECH,2022-06-21,0.5363,UNEXPLAINED_KITE_FLAT
AGRITECH,2026-03-23,0.6169,UNEXPLAINED_KITE_FLAT
AGSTRA,2026-06-29,0.0501,UNCONFIRMED_RATIO
AHLEAST,2022-12-06,0.5112,UNEXPLAINED_KITE_FLAT
AHLWEST,2026-04-09,0.5934,UNCONFIRMED_RATIO
AHLWEST,2026-06-17,2.0156,UNCONFIRMED_RATIO
AHMEDFORGE,2005-09-22,0.3186,UNEXPLAINED
AICHAMP,2008-12-01,0.3957,UNCONFIRMED_RATIO
AIFL,2026-06-29,0.1336,UNEXPLAINED
AIL,2026-06-29,0.0596,UNEXPLAINED
AJRINFRA,2026-06-29,0.5385,UNEXPLAINED
AKASH,2020-11-10,2.8252,UNEXPLAINED_KITE_FLAT
AKASH,2022-03-29,0.3172,UNEXPLAINED_KITE_FLAT
AKG,2022-12-16,0.4648,UNEXPLAINED_KITE_FLAT
AKI,2025-10-13,0.5841,UNEXPLAINED
AKRUTI,2009-03-26,0.5471,REVERTED
AKRUTI,2009-06-12,0.5854,UNEXPLAINED
AKSHAR,2025-08-04,0.5464,UNEXPLAINED_KITE_FLAT
AKSHOPTFBR,2024-07-08,0.6324,UNEXPLAINED
AKSHOPTFBR,2025-03-25,0.5631,UNEXPLAINED
ALANKIT,2016-12-15,0.5610,UNEXPLAINED_KITE_FLAT
ALCHEM,2020-06-23,0.4145,UNEXPLAINED
ALCHEM,2026-06-29,0.3014,UNEXPLAINED
ALEMBICLTD,2011-04-28,0.3262,UNEXPLAINED_KITE_FLAT
ALKALI,2022-03-29,0.6381,UNEXPLAINED
ALLCARGO,2009-11-19,0.1937,UNEXPLAINED_KITE_FLAT
ALLCARGO,2025-11-26,0.3803,UNEXPLAINED_KITE_FLAT
ALLSEC,2009-11-20,1.3725,UNEXPLAINED
ALLSEC,2012-08-31,2.4925,UNCONFIRMED_RATIO
ALMONDZ,2014-06-13,1.5286,UNEXPLAINED
ALOKINDS,2023-03-01,0.6360,UNEXPLAINED_KITE_FLAT
ALOKTEXT,2018-10-16,1.8333,UNEXPLAINED
ALPA,2017-08-23,4.2708,UNEXPLAINED_KITE_FLAT
ALPHAGEO,2014-06-30,3.8895,UNEXPLAINED
ALPSINDUS,2014-03-03,0.5254,UNEXPLAINED
ALPSINDUS,2020-03-06,0.1750,UNEXPLAINED
ALPSINDUS,2022-07-11,0.5385,UNEXPLAINED
ALPSINDUS,2025-11-11,0.5250,UNEXPLAINED
ALPSINDUS,2026-06-29,11.3953,UNEXPLAINED
AMARAJABAT,2007-09-19,0.2068,UNEXPLAINED
AMARAJABAT,2012-09-25,0.5171,UNEXPLAINED
AMARJOTHI,2026-08-17,1.8621,UNEXPLAINED
AMDIND,2022-12-06,0.5507,UNEXPLAINED
AMIORG,2025-04-25,0.4857,UNEXPLAINED
AMTEKAUTO,2015-09-11,1.5393,UNEXPLAINED
AMTEKINDIA,2005-09-08,0.2085,UNEXPLAINED
AMTEKINDIA,2011-11-21,0.5253,UNEXPLAINED
ANANTRAJ,2020-10-20,0.5379,UNEXPLAINED_KITE_FLAT
ANDHRACEMT,2019-12-10,0.6111,UNEXPLAINED
ANDHRACEMT,2021-10-12,1.6010,UNEXPLAINED
ANDHRACEMT,2023-02-28,0.5294,UNEXPLAINED
ANGIND,2014-08-25,2.0143,UNCONFIRMED_RATIO
ANIKINDS,2018-07-24,0.6488,UNEXPLAINED_KITE_FLAT
ANIKINDS,2021-02-02,0.5743,UNEXPLAINED_KITE_FLAT
ANIKINDS,2025-01-20,1.5646,UNEXPLAINED_KITE_FLAT
ANKITMETAL,2020-03-04,0.3333,UNCONFIRMED_RATIO
ANKITMETAL,2020-08-18,1.7500,UNEXPLAINED
ANKITMETAL,2021-02-08,0.6486,UNEXPLAINED
ANKITMETAL,2021-10-12,2.0000,UNCONFIRMED_RATIO
ANKITMETAL,2022-03-29,1.6238,UNEXPLAINED
ANKITMETAL,2023-08-29,0.6279,UNEXPLAINED
ANKITMETAL,2026-06-17,0.3825,UNEXPLAINED
ANKURDRUGS,2011-12-02,0.5869,UNEXPLAINED
ANSALAPI,2022-06-21,0.6202,UNEXPLAINED
ANSALAPI,2026-06-17,0.1530,UNEXPLAINED
ANSALHSG,2020-03-04,0.6136,UNEXPLAINED
ANSALHSG,2022-03-29,0.5055,UNCONFIRMED_RATIO
ANSALINFRA,2006-05-10,0.5250,UNEXPLAINED
ANSALINFRA,2007-04-23,0.5250,UNEXPLAINED
ANTGRAPHIC,2005-07-08,1.4615,UNEXPLAINED
ANTGRAPHIC,2006-01-06,0.1071,UNEXPLAINED
ANTGRAPHIC,2008-02-29,0.5882,UNEXPLAINED
ANTGRAPHIC,2013-03-01,0.3571,REVERTED
APOLLOSIND,2008-07-11,0.0994,UNCONFIRMED_RATIO
APOLLOSIND,2009-06-12,1.4753,UNEXPLAINED
APPAPER,2009-08-21,1.5853,UNEXPLAINED
ARCHIDPLY,2014-06-13,1.9172,UNEXPLAINED_KITE_FLAT
ARCHIDPLY,2020-02-28,0.6329,UNEXPLAINED_KITE_FLAT
ARCOTECH,2018-10-31,0.3889,REVERTED
ARCOTECH,2019-06-25,0.3681,UNEXPLAINED
ARCOTECH,2020-03-04,0.5750,UNEXPLAINED
ARCOTECH,2020-08-24,1.7429,REVERTED
ARENTERP,2022-03-29,0.5209,UNEXPLAINED_KITE_FLAT
ARENTERP,2025-03-17,0.5602,UNEXPLAINED_KITE_FLAT
AREVAT&D,2008-10-22,0.1973,UNCONFIRMED_RATIO
ARHAMFISCL,2006-02-17,0.4841,UNEXPLAINED
ARIHANT,2018-05-22,0.6284,UNEXPLAINED_KITE_FLAT
ARIHANT,2026-04-20,22.8890,REAL
ARIHANTSUP,2019-12-10,0.5310,UNEXPLAINED_KITE_FLAT
ARIHANTSUP,2021-07-20,1.4431,UNEXPLAINED_KITE_FLAT
ARL,2008-02-29,0.5085,UNEXPLAINED
ARROWGREEN,2021-07-20,1.3790,UNEXPLAINED_KITE_FLAT
ARROWGROUP,2008-01-15,0.1050,UNEXPLAINED
ARROWGROUP,2008-12-01,0.5674,UNEXPLAINED
ARROWTEX,2011-03-07,0.6317,UNEXPLAINED
ARSHIYA,2026-06-17,0.1669,UNCONFIRMED_RATIO
ARSSINFRA,2014-08-06,2.0389,UNEXPLAINED
ARSSINFRA,2018-08-23,0.3988,UNCONFIRMED_RATIO
ARSSINFRA,2022-03-29,0.5835,UNEXPLAINED
ARSSINFRA,2026-06-29,2.1117,UNEXPLAINED
ARTEMISMED,2021-07-20,1.3540,UNEXPLAINED_KITE_FLAT
ARVEE,2022-06-21,0.5615,UNEXPLAINED_KITE_FLAT
ARVEE,2026-03-30,0.5456,UNEXPLAINED_KITE_FLAT
ARVIND,2018-11-28,0.3491,UNEXPLAINED_BOTH_MOVE
ASAL,2005-07-08,1.3635,UNEXPLAINED_KITE_FLAT
ASAL,2009-08-21,1.5833,UNEXPLAINED_KITE_FLAT
ASAL,2014-06-30,1.3857,UNEXPLAINED_KITE_FLAT
ASAL,2022-01-04,4.9722,REVERTED
ASAL,2022-06-21,0.4383,UNEXPLAINED_KITE_FLAT
ASHAPURMIN,2006-03-23,0.2047,UNEXPLAINED_KITE_FLAT
ASHAPURMIN,2013-03-01,1.3731,UNEXPLAINED_KITE_FLAT
ASHAPURMIN,2019-06-25,0.5881,UNEXPLAINED_KITE_FLAT
ASHCO,2009-12-08,0.1070,UNEXPLAINED
ASHCONIUL,2012-11-23,0.5172,UNEXPLAINED
ASHCONIUL,2013-06-14,0.5000,UNCONFIRMED_RATIO
ASHIMASYN,2006-06-12,0.3116,UNEXPLAINED_KITE_FLAT
ASHIMASYN,2011-03-07,0.6242,UNEXPLAINED_KITE_FLAT
ASHIMASYN,2014-08-06,2.3077,UNEXPLAINED_KITE_FLAT
ASHOKAMET,2024-05-27,0.5681,REVERTED
ASIANELEC,2005-11-25,1.3984,UNEXPLAINED
ASIANELEC,2009-08-21,1.5231,UNEXPLAINED
ASIANELEC,2013-06-17,0.4962,UNCONFIRMED_RATIO
ASIANENE,2023-09-11,1.3591,UNEXPLAINED_KITE_FLAT
ASIANHOTNR,2018-05-02,1.4724,UNEXPLAINED_KITE_FLAT
ASIL,2008-02-29,0.5714,UNEXPLAINED
ASIL,2014-03-06,0.6364,UNEXPLAINED
ASIL,2014-09-10,2.8750,UNEXPLAINED
ASSAMCO,2009-06-12,1.6332,UNEXPLAINED
ASSAMCO,2018-11-13,0.3656,UNEXPLAINED
ASTERSILI,2013-06-17,1.5145,UNCONFIRMED_RATIO
ASTRAIDL,2006-06-15,0.2200,UNEXPLAINED
ASTRAMICRO,2005-10-07,0.1050,UNEXPLAINED_KITE_FLAT
ASTRON,2024-09-02,0.6483,UNEXPLAINED
ASTRON,2025-07-07,1.4776,UNCONFIRMED_RATIO
ATCOM,2026-06-29,0.5975,UNCONFIRMED_RATIO
ATLANTA,2010-11-08,0.2012,UNCONFIRMED_RATIO
ATLANTA,2023-01-02,0.5701,UNEXPLAINED
ATLANTA,2023-03-15,0.5191,UNEXPLAINED
ATLASCYCLE,2006-06-12,0.6366,UNEXPLAINED
ATNINTER,2008-02-29,0.5098,UNEXPLAINED
ATNINTER,2013-09-26,0.5714,REVERTED
ATNINTER,2014-03-04,0.3750,UNEXPLAINED
ATNINTER,2014-06-13,2.5000,UNCONFIRMED_RATIO
ATNINTER,2015-07-07,1.5000,UNCONFIRMED_RATIO
AURIGROW,2026-03-23,0.3152,UNEXPLAINED
AURIONPRO,2007-03-02,1.4000,UNEXPLAINED_KITE_FLAT
AURIONPRO,2009-03-03,0.6252,REVERTED
AURIONPRO,2024-05-27,1.7773,UNEXPLAINED_KITE_FLAT
AUSOMENT,2015-02-10,1.7500,UNEXPLAINED_KITE_FLAT
AUSOMENT,2021-10-12,0.6124,UNEXPLAINED_KITE_FLAT
AUSTRAL,2014-08-06,1.5000,UNCONFIRMED_RATIO
AUTOAXLES,2009-11-20,1.4082,UNEXPLAINED_KITE_FLAT
AUTOIETF,2024-03-01,0.1025,UNEXPLAINED_KITE_FLAT
AUTOIND,2020-08-18,2.5484,UNEXPLAINED_KITE_FLAT
AVANTI,2012-03-02,1.5806,UNEXPLAINED
AVANTI,2013-08-30,1.5858,UNEXPLAINED
AVANTI,2014-06-13,1.4696,UNEXPLAINED
AXIS-IT&T,2008-02-29,1.7244,UNEXPLAINED
AXIS-IT&T,2008-12-01,0.4198,UNEXPLAINED
AXIS-IT&T,2009-08-21,1.4146,UNEXPLAINED
AXISCADES,2025-09-09,2.3049,UNEXPLAINED_KITE_FLAT
AXISGOLD,2020-07-23,0.0120,UNEXPLAINED
AXISNIFTY,2020-07-23,0.1200,REVERTED
AYMSYNTEX,2024-12-31,1.8760,UNEXPLAINED_KITE_FLAT
BAFNAPH,2020-09-15,1.5358,UNEXPLAINED
BAFNAPH,2021-02-02,2.4338,UNEXPLAINED
BAGFILMS,2007-06-08,2.3421,UNEXPLAINED_KITE_FLAT
BAGFILMS,2022-03-29,1.6164,UNEXPLAINED_KITE_FLAT
BAGFILMS,2022-06-21,0.4752,UNEXPLAINED_KITE_FLAT
BAGFILMS,2023-12-11,1.4000,UNEXPLAINED_KITE_FLAT
BAGFILMS,2024-08-05,0.5770,UNEXPLAINED_KITE_FLAT
BAGYAMETAL,2006-09-07,0.5221,UNEXPLAINED
BAIDFIN,2024-01-15,1.4180,UNEXPLAINED_KITE_FLAT
BAJAJCORP,2011-05-05,0.2009,UNCONFIRMED_RATIO
BALAJITELE,2025-09-08,1.4228,UNEXPLAINED_KITE_FLAT
BALAXI,2019-09-17,2.3058,UNEXPLAINED_KITE_FLAT
BALAXI,2020-11-10,2.0434,UNEXPLAINED_KITE_FLAT
BALKRISHNA,2019-12-10,0.5539,UNEXPLAINED_KITE_FLAT
BALKRISHNA,2024-05-13,0.4346,UNEXPLAINED_KITE_FLAT
BALRAMCHIN,2005-03-23,0.0983,UNEXPLAINED_KITE_FLAT
BANARBEADS,2017-05-30,0.6399,UNEXPLAINED_KITE_FLAT
BANARBEADS,2018-02-07,0.6422,UNEXPLAINED_KITE_FLAT
BANDHANBNK,2020-03-26,1.3932,REAL
BANG,2013-03-01,0.6108,UNEXPLAINED
BANG,2025-03-25,0.5809,UNEXPLAINED_KITE_FLAT
BANKRAJAS,2007-08-31,1.5078,UNCONFIRMED_RATIO
BANSWRAS,2020-03-04,1.3569,UNEXPLAINED_KITE_FLAT
BARTRONICS,2006-06-12,0.5816,UNEXPLAINED
BATLIBOI,2026-04-20,5.2134,UNEXPLAINED
BBL,2014-06-13,1.4218,UNEXPLAINED_KITE_FLAT
BBTC,2005-07-08,1.4131,UNEXPLAINED_KITE_FLAT
BBTC,2008-12-01,0.4096,UNEXPLAINED_KITE_FLAT
BBTC,2009-06-12,1.4438,UNEXPLAINED_KITE_FLAT
BCG,2019-06-25,1.5303,UNEXPLAINED_KITE_FLAT
BCG,2021-10-12,2.0588,UNEXPLAINED_KITE_FLAT
BCONCEPTS,2024-01-29,2.9021,UNEXPLAINED_KITE_FLAT
BCP,2022-03-29,0.5556,UNEXPLAINED
BEARDSELL,2016-12-06,1.5285,UNEXPLAINED_BOTH_MOVE
BEDMUTHA,2024-01-01,1.5850,REVERTED
BELCERAMIC,2009-08-21,1.4607,UNEXPLAINED
BESTAGRO,2024-04-10,0.5802,REAL
BGLOBAL,2026-06-29,0.4691,UNEXPLAINED
BGRENERGY,2025-08-04,1.6785,REVERTED
BGRENERGY,2026-01-12,1.8265,UNEXPLAINED
BHAGERIA,2016-10-26,0.5250,UNEXPLAINED_KITE_FLAT
BHAGERIA,2026-09-21,1.8138,UNEXPLAINED_KITE_FLAT
BHANDARI,2022-03-29,0.6351,UNEXPLAINED_KITE_FLAT
BHARATFORG,2005-07-20,0.2111,UNEXPLAINED_KITE_FLAT
BHARATGEAR,2020-03-04,0.4712,UNEXPLAINED
BHARATRAS,2008-02-29,0.6204,UNEXPLAINED_KITE_FLAT
BHARTIARTL,2009-07-24,0.5109,UNEXPLAINED_KITE_FLAT
BHUSANSTL,2007-11-26,1.4501,UNEXPLAINED
BHUSANSTL,2009-05-07,1.3647,UNEXPLAINED
BHUSANSTL,2010-09-21,0.1962,UNEXPLAINED
BIGBLOC,2021-02-02,2.6314,UNEXPLAINED_KITE_FLAT
BIL,2006-06-12,0.6321,UNEXPLAINED_KITE_FLAT
BILENERGY,2011-12-02,1.6550,UNCONFIRMED_RATIO
BILENERGY,2014-03-03,0.6441,UNEXPLAINED
BILENERGY,2018-02-07,1.4615,UNEXPLAINED
BILENERGY,2019-06-25,3.0000,UNCONFIRMED_RATIO
BILPOWER,2012-06-15,0.5591,UNEXPLAINED
BILPOWER,2012-08-31,0.6019,UNCONFIRMED_RATIO
BILVYAPAR,2026-06-17,0.4253,UNEXPLAINED
BINANIIND,2019-09-17,0.2894,UNEXPLAINED
BINDALAGRO,2008-01-23,1.3661,UNEXPLAINED
BIOFILCHEM,2021-02-02,7.1776,UNEXPLAINED_KITE_FLAT
BIOFILCHEM,2026-02-02,1.4398,UNEXPLAINED_KITE_FLAT
BIRLACOT,2009-11-20,2.1951,UNEXPLAINED
BIRLACOT,2013-02-11,1.5000,UNCONFIRMED_RATIO
BIRLACOT,2013-02-18,1.5000,UNCONFIRMED_RATIO
BIRLACOT,2013-02-21,1.5000,UNCONFIRMED_RATIO
BIRLACOT,2013-02-25,1.5000,UNCONFIRMED_RATIO
BIRLACOT,2013-02-27,1.5000,UNCONFIRMED_RATIO
BIRLACOT,2013-03-06,1.5000,UNCONFIRMED_RATIO
BIRLACOT,2013-03-08,1.5000,UNCONFIRMED_RATIO
BIRLACOT,2013-03-13,1.5000,REVERTED
BIRLACOT,2013-07-04,0.5000,REVERTED
BIRLACOT,2013-07-05,2.0000,UNCONFIRMED_RATIO
BIRLACOT,2013-07-09,0.5000,REVERTED
BIRLACOT,2013-07-10,2.0000,UNCONFIRMED_RATIO
BIRLACOT,2013-07-15,1.5000,REVERTED
BIRLACOT,2013-07-19,1.5000,REVERTED
BIRLACOT,2013-08-19,0.5000,REVERTED
BIRLACOT,2013-08-20,2.0000,UNCONFIRMED_RATIO
BIRLACOT,2013-08-26,1.5000,REVERTED
BIRLACOT,2013-09-04,0.5000,REVERTED
BIRLACOT,2013-09-05,2.0000,UNCONFIRMED_RATIO
BIRLACOT,2013-09-06,0.5000,REVERTED
BIRLACOT,2013-09-10,2.0000,UNCONFIRMED_RATIO
BIRLACOT,2013-09-12,0.5000,REVERTED
BIRLACOT,2013-09-13,2.0000,UNCONFIRMED_RATIO
BIRLACOT,2013-09-23,1.5000,REVERTED
BIRLACOT,2013-09-26,1.5000,REVERTED
BIRLACOT,2014-03-05,1.5000,REVERTED
BIRLACOT,2014-03-11,0.5000,UNCONFIRMED_RATIO
BIRLACOT,2014-03-12,2.0000,REVERTED
BIRLACOT,2014-03-13,0.5000,REVERTED
BIRLACOT,2014-03-18,2.0000,UNCONFIRMED_RATIO
BIRLACOT,2014-03-19,0.5000,REVERTED
BIRLACOT,2014-03-20,2.0000,UNCONFIRMED_RATIO
BIRLACOT,2014-03-26,0.5000,REVERTED
BIRLACOT,2014-03-27,2.0000,UNCONFIRMED_RATIO
BIRLACOT,2014-03-28,0.5000,REVERTED
BIRLACOT,2014-03-31,2.0000,UNCONFIRMED_RATIO
BIRLACOT,2014-04-04,1.5000,UNCONFIRMED_RATIO
BIRLACOT,2014-04-09,1.5000,UNCONFIRMED_RATIO
BIRLACOT,2014-04-11,1.5000,UNCONFIRMED_RATIO
BIRLACOT,2014-08-25,1.5000,UNCONFIRMED_RATIO
BIRLACOT,2014-08-27,1.5000,UNCONFIRMED_RATIO
BIRLACOT,2014-09-02,1.5000,REVERTED
BIRLACOT,2014-09-10,1.5000,UNCONFIRMED_RATIO
BIRLACOT,2014-09-17,1.5000,REVERTED
BIRLACOT,2014-09-23,1.5000,REVERTED
BIRLACOT,2014-09-26,1.5000,UNCONFIRMED_RATIO
BIRLACOT,2014-09-30,1.5000,UNCONFIRMED_RATIO
BIRLACOT,2014-10-13,1.5000,REVERTED
BIRLACOT,2014-10-20,1.5000,REVERTED
BIRLACOT,2014-10-23,1.5000,UNCONFIRMED_RATIO
BIRLACOT,2014-10-30,1.5000,UNCONFIRMED_RATIO
BIRLACOT,2014-11-05,1.5000,REVERTED
BIRLACOT,2014-11-12,1.5000,REVERTED
BIRLACOT,2014-11-14,1.5000,REVERTED
BIRLACOT,2014-11-24,1.5000,REVERTED
BIRLACOT,2014-12-01,1.5000,REVERTED
BIRLACOT,2014-12-17,1.5000,UNCONFIRMED_RATIO
BIRLACOT,2014-12-24,1.5000,UNCONFIRMED_RATIO
BIRLACOT,2015-02-10,0.3333,REVERTED
BIRLACOT,2015-02-11,2.0000,UNCONFIRMED_RATIO
BIRLACOT,2015-02-18,0.5000,REVERTED
BIRLACOT,2015-02-19,2.0000,UNCONFIRMED_RATIO
BIRLACOT,2015-02-23,0.5000,REVERTED
BIRLACOT,2015-02-24,2.0000,UNCONFIRMED_RATIO
BIRLACOT,2015-02-27,0.5000,REVERTED
BIRLACOT,2015-03-02,2.0000,UNCONFIRMED_RATIO
BIRLACOT,2015-03-03,0.5000,REVERTED
BIRLACOT,2015-03-04,2.0000,UNCONFIRMED_RATIO
BIRLACOT,2015-03-11,0.5000,REVERTED
BIRLACOT,2015-03-12,2.0000,UNCONFIRMED_RATIO
BIRLACOT,2015-03-13,0.5000,REVERTED
BIRLACOT,2015-03-16,2.0000,UNCONFIRMED_RATIO
BIRLACOT,2015-03-19,0.5000,UNCONFIRMED_RATIO
BIRLACOT,2015-03-20,2.0000,REVERTED
BIRLACOT,2015-03-23,0.5000,UNCONFIRMED_RATIO
BIRLACOT,2015-03-24,2.0000,REVERTED
BIRLACOT,2015-03-25,0.5000,REVERTED
BIRLACOT,2015-03-30,2.0000,UNCONFIRMED_RATIO
BIRLACOT,2015-04-07,1.5000,REVERTED
BIRLACOT,2015-04-10,1.5000,REVERTED
BIRLACOT,2015-04-22,1.5000,REVERTED
BIRLACOT,2015-05-04,1.5000,REVERTED
BIRLACOT,2015-05-06,1.5000,REVERTED
BIRLACOT,2015-05-25,1.5000,UNCONFIRMED_RATIO
BIRLACOT,2015-05-27,1.5000,REVERTED
BIRLACOT,2015-05-29,1.5000,REVERTED
BIRLACOT,2015-06-04,1.5000,REVERTED
BIRLACOT,2015-06-09,1.5000,REVERTED
BIRLACOT,2015-06-19,0.5000,REVERTED
BIRLACOT,2015-06-22,2.0000,UNCONFIRMED_RATIO
BIRLACOT,2015-06-24,0.5000,REVERTED
BIRLACOT,2015-06-25,2.0000,UNCONFIRMED_RATIO
BIRLACOT,2015-07-02,0.5000,REVERTED
BIRLACOT,2015-07-03,2.0000,UNCONFIRMED_RATIO
BIRLACOT,2015-07-06,0.5000,REVERTED
BIRLACOT,2015-07-07,2.0000,REVERTED
BIRLACOT,2015-07-10,0.5000,UNCONFIRMED_RATIO
BIRLACOT,2015-07-16,2.0000,REVERTED
BIRLACOT,2015-07-17,0.5000,UNCONFIRMED_RATIO
BIRLACOT,2015-07-22,2.0000,REVERTED
BIRLACOT,2015-07-23,0.5000,UNCONFIRMED_RATIO
BIRLACOT,2015-07-24,2.0000,REVERTED
BIRLACOT,2015-07-27,0.5000,UNCONFIRMED_RATIO
BIRLACOT,2015-07-30,2.0000,REVERTED
BIRLACOT,2015-07-31,0.5000,REVERTED
BIRLACOT,2015-08-04,2.0000,UNCONFIRMED_RATIO
BIRLACOT,2015-08-06,0.5000,REVERTED
BIRLACOT,2015-08-07,2.0000,UNCONFIRMED_RATIO
BIRLACOT,2015-08-10,0.5000,REVERTED
BIRLACOT,2015-08-11,2.0000,UNCONFIRMED_RATIO
BIRLACOT,2015-08-12,0.5000,REVERTED
BIRLACOT,2015-08-13,2.0000,REVERTED
BIRLACOT,2015-08-18,0.5000,UNCONFIRMED_RATIO
BIRLACOT,2015-11-13,2.0000,REVERTED
BIRLACOT,2015-11-16,0.5000,UNCONFIRMED_RATIO
BIRLACOT,2015-11-20,2.0000,REVERTED
BIRLACOT,2015-11-23,0.5000,UNCONFIRMED_RATIO
BIRLACOT,2015-11-24,2.0000,REVERTED
BIRLACOT,2015-11-27,0.5000,UNCONFIRMED_RATIO
BIRLACOT,2016-05-05,2.0000,UNCONFIRMED_RATIO
BIRLACOT,2016-05-11,0.5000,UNCONFIRMED_RATIO
BIRLACOT,2016-05-12,2.0000,REVERTED
BIRLACOT,2016-05-13,0.5000,UNCONFIRMED_RATIO
BIRLACOT,2016-05-18,2.0000,REVERTED
BIRLACOT,2016-05-19,0.5000,UNCONFIRMED_RATIO
BIRLACOT,2016-05-20,2.0000,REVERTED
BIRLACOT,2016-05-23,0.5000,UNCONFIRMED_RATIO
BIRLACOT,2016-05-26,2.0000,REVERTED
BIRLACOT,2016-05-27,0.5000,UNCONFIRMED_RATIO
BIRLACOT,2016-05-31,2.0000,UNCONFIRMED_RATIO
BIRLACOT,2016-06-01,0.5000,REVERTED
BIRLACOT,2016-06-02,2.0000,UNCONFIRMED_RATIO
BIRLACOT,2016-06-03,0.5000,REVERTED
BIRLACOT,2016-06-06,2.0000,UNCONFIRMED_RATIO
BIRLACOT,2016-06-08,0.5000,REVERTED
BIRLACOT,2016-06-09,2.0000,UNCONFIRMED_RATIO
BIRLACOT,2016-06-13,0.5000,REVERTED
BIRLACOT,2016-06-14,2.0000,UNCONFIRMED_RATIO
BIRLACOT,2016-06-21,0.5000,REVERTED
BIRLACOT,2016-06-24,2.0000,UNCONFIRMED_RATIO
BIRLACOT,2016-06-30,0.5000,REVERTED
BIRLACOT,2016-07-01,2.0000,UNCONFIRMED_RATIO
BIRLACOT,2016-11-11,0.5000,REVERTED
BIRLACOT,2016-11-15,2.0000,UNCONFIRMED_RATIO
BIRLACOT,2016-11-17,0.5000,REVERTED
BIRLACOT,2016-11-18,2.0000,UNCONFIRMED_RATIO
BIRLACOT,2016-11-21,0.5000,REVERTED
BIRLACOT,2016-11-22,2.0000,UNCONFIRMED_RATIO
BIRLACOT,2016-11-28,0.5000,REVERTED
BIRLACOT,2016-12-01,2.0000,UNCONFIRMED_RATIO
BIRLACOT,2016-12-05,1.5000,REVERTED
BIRLACOT,2017-03-08,0.5000,UNCONFIRMED_RATIO
BIRLAERIC,2006-06-12,0.6006,UNCONFIRMED_RATIO
BIRLAMONEY,2024-12-09,1.3672,UNEXPLAINED_KITE_FLAT
BIRLAMONEY,2025-05-26,0.6135,UNEXPLAINED_KITE_FLAT
BIRLAPOWER,2008-02-29,0.4347,UNEXPLAINED
BIRLATYRE,2020-06-01,1.4589,UNEXPLAINED
BIRLATYRE,2020-06-22,1.6136,UNEXPLAINED
BIRLATYRE,2020-07-20,0.5728,UNEXPLAINED
BKMINDST,2019-06-25,0.5714,UNEXPLAINED
BKMINDST,2026-06-29,45.0000,UNEXPLAINED
BLBLIMITED,2012-06-15,0.6489,UNEXPLAINED
BLBLIMITED,2014-08-06,1.3519,UNEXPLAINED
BLBLIMITED,2024-10-14,0.5287,UNEXPLAINED_KITE_FLAT
BLKASHYAP,2021-04-27,1.3547,UNEXPLAINED_KITE_FLAT
BLUEBLENDS,2016-03-09,2.1718,UNEXPLAINED
BLUEBLENDS,2026-06-29,6.1538,UNEXPLAINED
BLUECHIP,2006-06-12,0.3889,UNEXPLAINED
BLUECHIP,2009-08-21,0.5366,UNEXPLAINED
BLUECHIP,2013-12-05,0.4286,UNEXPLAINED
BLUECHIP,2013-12-17,1.5000,UNCONFIRMED_RATIO
BLUECHIP,2014-08-06,2.2500,UNEXPLAINED
BLUECHIP,2025-05-05,10.5167,REVERTED
BLUECHIP,2026-02-09,0.3803,UNEXPLAINED
BLUECOAST,2008-12-16,0.5234,REAL
BLUECOAST,2019-04-02,0.6478,UNEXPLAINED_KITE_FLAT
BLUECOAST,2020-06-08,0.6196,UNEXPLAINED_KITE_FLAT
BLUECOAST,2026-01-05,2.1364,UNEXPLAINED_KITE_FLAT
BODALCHEM,2014-03-03,2.3094,UNEXPLAINED
BODALCHEM,2014-06-30,1.7540,UNEXPLAINED
BODALCHEM,2026-08-31,1.7361,REVERTED
BODHTREE,2012-03-02,0.5297,UNEXPLAINED
BOHRAIND,2025-07-14,0.4407,UNEXPLAINED_KITE_FLAT
BOMDYEING,2018-10-30,0.4392,REVERTED
BORORENEW,2020-03-23,0.1729,UNEXPLAINED_KITE_FLAT
BOROSIL,2018-08-02,0.2901,UNEXPLAINED
BPL,2008-02-29,0.5693,REVERTED
BPLENGG,2006-06-12,0.3556,UNEXPLAINED
BRFL,2018-10-30,0.4981,UNCONFIRMED_RATIO
BRFL,2026-06-29,0.3008,UNEXPLAINED
BRNL,2022-03-29,0.6219,UNEXPLAINED_KITE_FLAT
BROADCAST,2008-02-29,0.5340,UNEXPLAINED
BROOKS,2022-12-06,1.4288,UNEXPLAINED_KITE_FLAT
BSELINFRA,2009-03-02,0.6385,UNEXPLAINED
BSELINFRA,2014-08-06,1.5278,UNEXPLAINED
BSELINFRA,2020-08-18,1.6250,UNEXPLAINED
BSHSL,2023-01-23,3.4221,UNEXPLAINED_KITE_FLAT
BSHSL,2023-08-21,0.4704,UNEXPLAINED_KITE_FLAT
BSLGOLDETF,2021-11-25,0.0100,UNEXPLAINED_KITE_FLAT
BURNPUR,2018-07-24,0.5205,UNEXPLAINED
BURNPUR,2019-06-25,0.5676,UNEXPLAINED
BURNPUR,2020-08-18,1.8125,UNEXPLAINED
BURNPUR,2026-06-29,5.0000,UNCONFIRMED_RATIO
BURNPUR,2026-08-11,0.6470,REVERTED
BUTTERFLY,2018-02-07,1.7235,UNEXPLAINED_KITE_FLAT
BUTTERFLY,2020-11-10,1.7920,UNEXPLAINED_KITE_FLAT
BVCL,2012-06-15,0.6391,UNEXPLAINED
BVCL,2014-08-06,2.6471,UNEXPLAINED
CADILAHC,2006-08-30,0.5093,UNEXPLAINED
CADILAHC,2015-10-06,0.2045,UNEXPLAINED
CALSOFT,2005-07-08,1.6098,UNEXPLAINED
CALSOFT,2018-02-07,1.5905,UNEXPLAINED
CALSOFT,2025-01-15,0.6069,UNCONFIRMED_RATIO
CAMLIN,2008-08-22,0.1029,UNEXPLAINED
CAMLINFINE,2025-09-09,0.6440,UNEXPLAINED_KITE_FLAT
CANBK,2017-10-25,1.3873,REAL
CANDC,2017-08-23,2.3649,UNEXPLAINED
CANDC,2026-06-29,0.1760,UNEXPLAINED
CAPLIPOINT,2016-10-19,0.2013,REVERTED
CAPTRUST,2021-04-27,0.6211,UNEXPLAINED
CAPTRUST,2025-09-09,0.4339,UNEXPLAINED
CAROLINFO,2006-06-12,0.5376,UNEXPLAINED
CASTEXTECH,2019-08-23,0.6250,UNEXPLAINED
CASTEXTECH,2020-10-12,0.6154,REVERTED
CCCL,2014-08-06,1.9851,UNCONFIRMED_RATIO
CCCL,2020-08-10,0.1622,REVERTED
CCCL,2022-03-29,4.1818,UNEXPLAINED_KITE_FLAT
CCCL,2023-05-23,0.6444,REVERTED
CCCL,2024-09-10,9.7267,UNEXPLAINED_KITE_FLAT
CCHHL,2019-08-23,0.5600,UNEXPLAINED_KITE_FLAT
CCHHL,2021-10-12,1.4259,UNEXPLAINED_KITE_FLAT
CEAT,2006-08-28,1.4492,UNEXPLAINED
CEATLTD,2009-08-21,1.5572,UNEXPLAINED_KITE_FLAT
CEBBCO,2021-04-27,0.6126,UNEXPLAINED
CELEBRITY,2008-02-29,0.6332,UNEXPLAINED_KITE_FLAT
CELEBRITY,2010-11-09,0.5967,REVERTED
CELEBRITY,2013-09-06,2.2917,REVERTED
CELEBRITY,2013-10-28,0.6047,REAL
CELEBRITY,2014-06-13,2.1650,UNEXPLAINED_KITE_FLAT
CENTEXT,2005-08-17,0.3444,REVERTED
CENTEXT,2008-02-29,0.3876,UNEXPLAINED
CENTUM,2014-03-03,1.3784,UNEXPLAINED_KITE_FLAT
CENTURYPLY,2013-08-01,0.5426,REVERTED
CENTURYTEX,2019-10-11,0.4464,UNEXPLAINED
CEREBRAINT,2026-06-17,0.3982,UNCONFIRMED_RATIO
CGCL,2016-11-23,0.2099,UNEXPLAINED_KITE_FLAT
CGPOWER,2022-01-04,2.2989,UNEXPLAINED_KITE_FLAT
CHEMBOND,2025-05-23,0.4824,UNEXPLAINED_KITE_FLAT
CHEMPLAST,2006-03-08,0.0956,UNEXPLAINED
CHESLINTEX,2008-02-29,0.5334,UNEXPLAINED
CHESLINTEX,2008-12-01,0.5020,UNCONFIRMED_RATIO
CHOLADBS,2009-06-12,1.8506,UNEXPLAINED
CHROMATIC,2014-03-03,0.5902,UNEXPLAINED
CIMCOBIRLA,2006-06-12,0.4082,UNEXPLAINED
CIMCOBIRLA,2007-08-31,4.1489,UNEXPLAINED
CIMCOBIRLA,2008-02-29,0.6213,UNEXPLAINED
CIMMCO,2014-08-06,1.6674,UNCONFIRMED_RATIO
CINELINE,2021-10-12,1.4409,UNEXPLAINED_KITE_FLAT
CINELINE,2024-02-05,1.4674,UNEXPLAINED_KITE_FLAT
CINELINE,2025-03-25,0.6356,UNEXPLAINED_KITE_FLAT
CINEMAXIN,2013-03-01,0.6429,UNEXPLAINED
CINEPRO,2013-03-01,0.5047,UNCONFIRMED_RATIO
CINEVISTA,2006-06-12,0.3949,UNCONFIRMED_RATIO
CINEVISTA,2019-12-10,0.5387,UNEXPLAINED_KITE_FLAT
CMC,2009-04-15,1.5027,UNCONFIRMED_RATIO
CMICABLES,2022-03-29,0.5823,UNEXPLAINED
CMICABLES,2026-06-29,0.2440,UNEXPLAINED
COLORCHIPS,2006-06-12,0.5809,UNEXPLAINED
COMPINFO,2026-06-17,0.1144,UNEXPLAINED
COMPUTECH,2008-02-29,0.6063,UNCONFIRMED_RATIO
COMSYS,2006-06-12,0.3795,UNEXPLAINED
COMSYS,2010-02-19,1.3528,UNEXPLAINED
CONSOFINVT,2014-08-06,1.4163,UNEXPLAINED
COREEDUTEC,2013-02-25,0.3760,REVERTED
COREEDUTEC,2013-02-27,0.5419,UNEXPLAINED
COREEMBLG,2005-11-25,0.5927,UNCONFIRMED_RATIO
COREEMBLG,2006-08-28,0.5854,UNEXPLAINED
COREEMBLG,2008-12-05,0.5405,UNEXPLAINED
COREEMBLG,2009-06-12,1.6810,UNCONFIRMED_RATIO
COREPROTEC,2007-06-06,0.2398,UNEXPLAINED
COREPROTEC,2008-10-10,0.5760,REVERTED
COREPROTEC,2008-10-13,0.4161,REVERTED
COREPROTEC,2008-10-31,1.3949,UNEXPLAINED
COROENGG,2014-01-14,0.1604,REVERTED
COROENGG,2014-03-03,0.4965,UNCONFIRMED_RATIO
COROENGG,2014-06-30,1.5052,UNCONFIRMED_RATIO
COROMNFERT,2006-01-02,0.2040,UNEXPLAINED
COUNCODOS,2014-06-13,0.5493,UNEXPLAINED
COUNCODOS,2016-02-09,0.5747,UNEXPLAINED
COUNCODOS,2019-09-17,0.3778,UNEXPLAINED
COUNCODOS,2021-04-27,0.6081,UNCONFIRMED_RATIO
COUNCODOS,2025-08-04,0.5696,UNEXPLAINED
CRANESSOFT,2005-11-02,0.1036,UNEXPLAINED
CREATIVEYE,2006-06-12,0.4235,UNEXPLAINED_KITE_FLAT
CREATIVEYE,2009-06-12,1.3750,UNEXPLAINED_KITE_FLAT
CREATIVEYE,2025-02-03,0.5789,REVERTED
CRESTANI,2006-08-28,1.3827,UNEXPLAINED
CRESTANI,2008-02-29,0.5416,UNEXPLAINED
CRESTANI,2009-11-20,2.7044,UNEXPLAINED
CRESTANI,2014-03-03,0.6196,UNEXPLAINED
CROMPGREAV,2006-08-10,0.2104,UNEXPLAINED
CROMPGREAV,2010-03-08,0.5644,UNEXPLAINED
CROMPGREAV,2016-03-15,0.2833,UNEXPLAINED
CRONIMET,2011-11-03,0.2001,REVERTED
CROWN,2024-12-30,2.3890,UNEXPLAINED_KITE_FLAT
CTE,2022-03-29,0.6372,UNEXPLAINED
CTE,2024-11-18,0.5854,UNEXPLAINED
CUBEXTUB,2008-12-01,0.3176,REVERTED
CUBEXTUB,2009-08-21,1.3505,UNEXPLAINED
CUBEXTUB,2018-08-23,3.4022,UNEXPLAINED
CUBEXTUB,2024-09-16,1.4721,UNEXPLAINED
CUBEXTUB,2025-03-25,0.6407,UNEXPLAINED
CUPID,2024-10-28,1.5874,UNEXPLAINED_KITE_FLAT
CURAA,2026-06-08,1.7384,UNEXPLAINED
CURATECH,2017-03-07,1.9063,UNEXPLAINED
CURATECH,2026-06-29,14.1849,UNEXPLAINED
CYBERMEDIA,2021-04-27,3.0897,UNEXPLAINED
CYBERMEDIA,2024-07-15,0.6186,UNEXPLAINED
CYBERTECH,2005-07-08,1.4306,REVERTED
DAAWAT,2017-02-07,0.1078,UNEXPLAINED
DABUR,2006-01-19,0.4890,UNEXPLAINED_KITE_FLAT
DALMIACEM,2005-10-27,0.2100,UNEXPLAINED
DBEIL,2026-06-17,0.1088,UNEXPLAINED_KITE_FLAT
DBREALTY,2022-05-16,1.4591,UNEXPLAINED_KITE_FLAT
DBSTOCKBRO,2020-03-05,0.6087,UNCONFIRMED_RATIO
DCI,2024-07-16,1.8331,UNEXPLAINED_KITE_FLAT
DCM,2005-07-08,1.5839,UNEXPLAINED_KITE_FLAT
DCM,2006-06-12,0.6177,UNEXPLAINED_KITE_FLAT
DCM,2012-06-15,1.4507,UNEXPLAINED_KITE_FLAT
DCM,2019-06-14,0.4248,UNEXPLAINED_KITE_FLAT
DCM,2022-01-04,1.7200,UNEXPLAINED_KITE_FLAT
DCMFINSERV,2006-06-12,0.6161,UNEXPLAINED
DCMFINSERV,2007-12-03,1.6075,REVERTED
DCMFINSERV,2021-10-12,0.5510,UNEXPLAINED_KITE_FLAT
DCMFINSERV,2022-06-21,1.4375,UNEXPLAINED_KITE_FLAT
DCMFINSERV,2023-05-23,0.6403,UNEXPLAINED_KITE_FLAT
DCMNVL,2021-04-27,1.9401,UNEXPLAINED
DCMSRIND,2026-01-09,0.2850,UNEXPLAINED_KITE_FLAT
DCMSRMCONS,2005-10-07,0.1050,UNEXPLAINED
DCW,2005-09-20,0.1969,REVERTED
DECOLIGHT,2011-09-06,0.6299,UNEXPLAINED
DECOLIGHT,2012-12-03,1.5429,UNEXPLAINED
DECOLIGHT,2013-06-14,0.5082,UNEXPLAINED
DEEDEV,2026-06-17,1.5509,UNEXPLAINED_KITE_FLAT
DEEPENR,2020-11-24,0.6441,UNEXPLAINED
DELPHIFX,2024-10-21,1.8499,UNEXPLAINED
DELTAMAGNT,2011-03-08,1.7863,UNEXPLAINED_KITE_FLAT
DEN,2019-12-10,0.4875,UNEXPLAINED_KITE_FLAT
DENSO,2013-08-30,2.3047,UNEXPLAINED
DHAMPURSUG,2008-12-01,0.3240,UNEXPLAINED_KITE_FLAT
DHANUS,2012-08-21,0.5426,UNEXPLAINED
DHANUS,2013-07-08,1.5000,UNCONFIRMED_RATIO
DHARSUGAR,2008-12-01,0.4239,UNEXPLAINED
DHARSUGAR,2009-11-20,1.8725,UNEXPLAINED
DHARSUGAR,2018-07-24,0.5463,UNEXPLAINED
DHARSUGAR,2020-09-16,0.5779,UNEXPLAINED
DHFL,2018-09-21,0.5742,REVERTED
DHRUV,2025-09-08,0.4427,UNEXPLAINED_KITE_FLAT
DIACABS,2024-09-30,32.1857,UNEXPLAINED
DIGISPICE,2021-04-27,3.0593,UNEXPLAINED_KITE_FLAT
DIGJAMLMTD,2025-04-01,0.1957,REVERTED
DIGJAMLMTD,2025-10-13,1.4126,REVERTED
DIGJAMLTD,2019-06-25,0.4884,UNEXPLAINED
DIGJAMLTD,2026-06-29,34.7259,UNEXPLAINED
DIL,2025-08-04,0.6317,UNEXPLAINED
DIL,2026-06-29,0.5028,UNCONFIRMED_RATIO
DISHMAN,2005-10-21,0.1953,UNEXPLAINED
DLINKINDIA,2014-08-06,1.4076,UNEXPLAINED_KITE_FLAT
DNAMEDIA,2019-04-02,0.1756,UNEXPLAINED_KITE_FLAT
DNAMEDIA,2021-02-02,1.5556,UNEXPLAINED_KITE_FLAT
DNAMEDIA,2022-03-29,0.6154,UNEXPLAINED_KITE_FLAT
DOLPHIN,2025-06-09,1.7751,UNEXPLAINED_KITE_FLAT
DONEAR,2009-08-21,0.6417,UNEXPLAINED_KITE_FLAT
DPL,2017-11-14,1.3776,UNEXPLAINED
DPSCLTD,2008-06-13,0.4124,UNEXPLAINED
DPSCLTD,2008-12-01,0.6327,UNEXPLAINED
DPSCLTD,2011-12-15,0.1096,REVERTED
DPTL,2014-10-07,0.6248,UNEXPLAINED
DQE,2020-01-10,0.6034,UNCONFIRMED_RATIO
DSKULKARNI,2017-11-14,0.3388,UNEXPLAINED
DSSL,2014-11-13,1.4468,UNEXPLAINED_KITE_FLAT
DTIL,2008-04-09,0.6158,UNEXPLAINED
DUCON,2020-05-27,0.5678,UNEXPLAINED_KITE_FLAT
DUCON,2022-03-29,1.5532,UNEXPLAINED_KITE_FLAT
DUNCANSIND,2006-06-12,0.3584,UNEXPLAINED
DUNCANSIND,2009-06-12,1.4242,UNEXPLAINED
DWARKESH,2009-06-12,1.3514,UNEXPLAINED_KITE_FLAT
DYNACONS,2006-06-12,0.4737,REVERTED
DYNACONS,2007-03-02,1.4286,UNEXPLAINED
DYNACONS,2008-02-29,0.4667,UNEXPLAINED
DYNAMATECH,2014-06-13,1.5606,UNEXPLAINED_KITE_FLAT
DYNATECH,2014-02-25,0.4000,REVERTED
DYNATECH,2014-06-13,1.3636,UNEXPLAINED
DYNATECH,2014-08-06,0.6429,REVERTED
DYNATECH,2014-12-09,2.0690,UNEXPLAINED
E2E,2024-07-16,6.1733,REVERTED
EASTSILK,2020-03-04,0.2857,UNEXPLAINED
EASTSILK,2020-08-18,1.7692,UNEXPLAINED
EASTSILK,2021-01-11,1.3913,UNEXPLAINED
EASTSILK,2021-07-20,2.1944,UNEXPLAINED
EASTSILK,2022-03-29,0.5439,UNEXPLAINED
EASTSILK,2026-06-17,10.3813,UNEXPLAINED
EASUNREYRL,2019-01-08,0.3654,UNEXPLAINED
EASUNREYRL,2026-06-29,0.5783,UNEXPLAINED
EBANK,2020-03-27,0.5876,UNEXPLAINED
ECLERX,2021-09-20,1.3739,UNEXPLAINED_KITE_FLAT
EDL,2018-05-02,0.4996,UNCONFIRMED_RATIO
EDUCOMP,2026-06-29,0.1298,UNEXPLAINED
EICHER,2006-06-12,0.3594,UNEXPLAINED
EIDPARRY,2005-05-27,0.2069,UNEXPLAINED_KITE_FLAT
EIHOTEL,2006-09-12,0.2232,UNEXPLAINED_KITE_FLAT
EIMCOELECO,2017-05-22,3.7367,UNEXPLAINED_KITE_FLAT
ELDERPHARM,2015-05-25,0.6489,UNEXPLAINED
ELECTHERM,2013-03-01,0.4817,UNEXPLAINED_KITE_FLAT
ELECTHERM,2024-11-11,11.5291,UNEXPLAINED_KITE_FLAT
ELFORGE,2014-08-06,1.5139,UNCONFIRMED_RATIO
ELGIRUBCO,2025-08-25,0.3902,REVERTED
ELGIRUBCO,2025-12-08,0.6313,UNEXPLAINED_KITE_FLAT
EMAMIINFRA,2011-03-07,0.6337,UNEXPLAINED
EMCO,2018-07-24,0.5314,UNEXPLAINED
EMCO,2018-10-16,0.6090,UNEXPLAINED
EMCO,2019-06-25,0.4444,UNEXPLAINED
EMKAY,2014-09-09,1.8301,UNEXPLAINED_KITE_FLAT
ENERGYDEV,2017-03-07,0.5271,UNEXPLAINED_KITE_FLAT
ENERGYDEV,2022-03-29,0.4801,UNEXPLAINED_KITE_FLAT
ENERGYDEV,2025-03-24,0.5773,UNEXPLAINED_KITE_FLAT
ENKEI,2006-12-04,0.4829,UNEXPLAINED
ENKEI,2009-06-12,1.5350,UNEXPLAINED
EON,2026-06-29,0.5246,UNEXPLAINED
EQUIPPP,2026-06-17,0.3179,UNEXPLAINED
ERAINFRA,2008-09-17,0.1988,UNCONFIRMED_RATIO
ERAINFRA,2014-06-30,1.3862,UNEXPLAINED
ERAINFRA,2026-06-29,0.3797,UNEXPLAINED
EROSMEDIA,2026-06-29,0.4415,UNEXPLAINED
ESSAROIL,2007-11-14,1.3864,REVERTED
ESSAROIL,2009-04-06,1.4762,UNEXPLAINED
ESSARSHPNG,2019-06-25,0.6115,UNEXPLAINED_KITE_FLAT
ESSARSHPNG,2023-12-04,1.5182,REVERTED
ESSARSHPNG,2026-02-02,0.6416,UNEXPLAINED_KITE_FLAT
ESSDEE,2018-07-24,0.3926,UNEXPLAINED
ESSELPACK,2006-06-08,0.1872,UNEXPLAINED
ESSELPACK,2018-06-20,0.4901,UNEXPLAINED
ESSENTIA,2022-09-13,1.7222,UNEXPLAINED_KITE_FLAT
ESTER,2014-06-13,1.5811,UNEXPLAINED_KITE_FLAT
EUROCERA,2011-12-07,0.6022,UNCONFIRMED_RATIO
EUROCERA,2026-06-29,0.3182,UNEXPLAINED
EUROMULTI,2014-09-09,3.5625,UNEXPLAINED
EUROMULTI,2016-03-09,1.4773,UNEXPLAINED
EUROMULTI,2017-11-14,0.6032,UNCONFIRMED_RATIO
EUROMULTI,2020-03-04,0.1458,UNEXPLAINED
EUROMULTI,2020-08-18,2.3333,UNEXPLAINED
EUROTEXIND,2008-02-29,0.6315,UNEXPLAINED_KITE_FLAT
EUROTEXIND,2022-07-13,0.5777,UNEXPLAINED_KITE_FLAT
EUROTEXIND,2026-03-16,0.5577,UNEXPLAINED_KITE_FLAT
EVERONN,2009-03-16,1.4546,UNEXPLAINED
EVERONN,2013-08-30,0.6257,UNEXPLAINED
EVERONN,2014-03-03,0.6459,UNEXPLAINED
EXCEL,2018-02-07,0.2633,UNEXPLAINED
EXCEL,2019-12-17,0.5294,UNEXPLAINED
EXCEL,2021-02-02,1.6452,UNCONFIRMED_RATIO
EXCEL,2022-03-29,1.5393,UNEXPLAINED
EXCEL,2022-09-28,0.0739,UNEXPLAINED
EXCEL,2025-04-07,0.5547,UNEXPLAINED
EXCELCROP,2014-03-03,2.3913,UNEXPLAINED
FAME,2009-08-21,1.5589,UNEXPLAINED
FAME,2010-06-11,1.9198,UNEXPLAINED
FARMAXIND,2013-06-14,0.4000,UNCONFIRMED_RATIO
FARMAXIND,2014-08-06,3.0000,UNCONFIRMED_RATIO
FARMAXIND,2015-09-09,1.5000,REVERTED
FARMAXIND,2015-11-10,0.6000,UNCONFIRMED_RATIO
FARMAXIND,2016-05-05,1.5000,REVERTED
FARMAXIND,2016-05-11,1.5000,UNCONFIRMED_RATIO
FARMAXIND,2016-05-13,1.5000,UNCONFIRMED_RATIO
FARMAXIND,2016-05-18,1.5000,UNCONFIRMED_RATIO
FARMAXIND,2016-06-07,1.5000,REVERTED
FARMAXIND,2016-06-15,1.5000,REVERTED
FARMAXIND,2016-06-20,1.5000,REVERTED
FARMAXIND,2016-06-23,1.5000,UNCONFIRMED_RATIO
FARMAXIND,2016-06-28,1.5000,REVERTED
FARMAXIND,2016-06-30,1.5000,UNCONFIRMED_RATIO
FARMAXIND,2016-07-05,1.5000,UNCONFIRMED_RATIO
FARMAXIND,2016-07-15,1.5000,UNCONFIRMED_RATIO
FARMAXIND,2016-07-21,1.5000,REVERTED
FARMAXIND,2016-07-27,1.5000,REVERTED
FARMAXIND,2016-08-05,1.5000,REVERTED
FARMAXIND,2016-08-10,1.5000,REVERTED
FARMAXIND,2016-08-18,1.5000,UNCONFIRMED_RATIO
FARMAXIND,2016-08-24,1.5000,UNCONFIRMED_RATIO
FARMAXIND,2016-09-02,1.5000,REVERTED
FARMAXIND,2016-09-12,1.5000,UNCONFIRMED_RATIO
FARMAXIND,2016-09-23,1.5000,REVERTED
FARMAXIND,2016-10-03,0.5000,REVERTED
FARMAXIND,2016-10-04,2.0000,UNCONFIRMED_RATIO
FARMAXIND,2016-10-19,1.5000,UNCONFIRMED_RATIO
FARMAXIND,2016-12-07,1.5000,REVERTED
FARMAXIND,2016-12-20,1.5000,UNCONFIRMED_RATIO
FARMAXIND,2016-12-22,1.5000,REVERTED
FARMAXIND,2016-12-27,1.5000,REVERTED
FARMAXIND,2017-01-12,1.5000,REVERTED
FARMAXIND,2017-01-25,1.5000,REVERTED
FARMAXIND,2017-02-02,1.5000,UNCONFIRMED_RATIO
FARMAXIND,2017-02-14,1.5000,UNCONFIRMED_RATIO
FARMAXIND,2017-02-23,1.5000,REVERTED
FCONSUMER,2026-06-29,0.2818,UNEXPLAINED
FCSSOFT,2014-08-25,0.6364,UNEXPLAINED
FCSSOFT,2018-02-01,0.4000,REVERTED
FCSSOFT,2018-02-02,1.5000,REVERTED
FCSSOFT,2018-07-24,0.3636,UNEXPLAINED_BOTH_MOVE
FCSSOFT,2020-08-18,1.4286,UNEXPLAINED_KITE_FLAT
FCSSOFT,2021-10-12,1.5263,UNEXPLAINED_KITE_FLAT
FCSSOFT,2022-03-29,2.1389,UNEXPLAINED_KITE_FLAT
FEDDERLOYD,2009-11-20,1.8416,UNEXPLAINED
FEL,2026-06-17,0.2545,UNEXPLAINED
FELDVR,2022-06-21,0.3268,UNEXPLAINED
FELDVR,2026-06-17,0.4046,UNCONFIRMED_RATIO
FILATFASH,2025-06-30,0.5259,UNEXPLAINED_KITE_FLAT
FINANTECH,2006-02-17,1.8375,UNEXPLAINED
FINANTECH,2013-08-01,0.3550,UNEXPLAINED
FIRSTWIN,2017-05-31,1.3571,UNEXPLAINED
FLEXCHEM,2006-06-12,0.5665,UNEXPLAINED
FLEXITUFF,2020-03-04,0.6203,UNEXPLAINED
FLEXITUFF,2020-05-27,0.6348,UNEXPLAINED
FLEXITUFF,2022-03-29,0.6153,UNEXPLAINED
FLEXITUFF,2025-08-11,0.3983,UNCONFIRMED_RATIO
FLFL,2022-11-22,0.3093,UNEXPLAINED
FLFL,2023-02-28,0.6067,UNCONFIRMED_RATIO
FLFL,2026-06-17,0.2716,UNEXPLAINED
FMNL,2024-05-27,0.6439,UNEXPLAINED_KITE_FLAT
FOCUS,2024-12-30,1.4675,UNEXPLAINED_KITE_FLAT
FOURSOFT,2006-06-12,0.5938,UNCONFIRMED_RATIO
FOURSOFT,2012-12-03,1.4253,UNEXPLAINED
FRETAIL,2026-06-29,0.3591,UNEXPLAINED
GABRIEL,2005-12-30,0.1023,UNEXPLAINED_KITE_FLAT
GABRIEL,2009-08-21,1.4167,UNEXPLAINED_KITE_FLAT
GAEL,2006-01-06,0.2035,UNEXPLAINED_KITE_FLAT
GAL,2013-06-14,1.6083,UNEXPLAINED
GAL,2016-10-13,0.1101,UNEXPLAINED
GAL,2022-03-29,0.6000,UNCONFIRMED_RATIO
GALLANTT,2024-11-18,1.4173,UNEXPLAINED_KITE_FLAT
GAMMNINFRA,2009-10-26,0.2074,UNEXPLAINED
GAMMNINFRA,2020-03-04,0.5000,UNCONFIRMED_RATIO
GAMMONIND,2005-03-15,0.2099,UNEXPLAINED
GANESHHOUC,2020-03-04,0.6325,UNEXPLAINED
GANGOTRI,2014-03-05,0.4857,UNEXPLAINED
GANGOTRI,2014-08-07,1.4211,UNEXPLAINED
GARDENSILK,2020-04-21,0.5696,UNEXPLAINED
GARWOFFS,2009-08-21,1.5861,UNEXPLAINED
GATECH,2025-09-15,0.6408,UNEXPLAINED
GATECHDVR,2025-03-17,0.1608,UNEXPLAINED
GAYAHWS,2020-03-04,0.6000,REVERTED
GAYAHWS,2020-11-10,1.6000,UNEXPLAINED_KITE_FLAT
GAYAHWS,2021-10-11,0.6364,REVERTED
GAYAHWS,2025-03-12,0.5488,REVERTED
GAYAHWS,2026-01-27,2.1702,UNEXPLAINED_KITE_FLAT
GAYAPROJ,2026-06-17,1.7481,UNEXPLAINED_KITE_FLAT
GBN,2008-02-21,0.2039,UNEXPLAINED
GEEKAYWIRE,2024-02-12,0.4616,UNEXPLAINED_KITE_FLAT
GEINDSYS,2013-03-01,0.5677,UNEXPLAINED
GEMINI,2009-11-20,1.3858,UNEXPLAINED
GEMINI,2013-06-14,0.4444,UNEXPLAINED
GEMINI,2018-01-15,0.3333,REVERTED
GENCON,2024-10-14,0.6425,UNEXPLAINED_KITE_FLAT
GENESYS,2008-08-22,1.3548,UNEXPLAINED_KITE_FLAT
GENESYS,2009-06-12,1.4379,UNEXPLAINED_KITE_FLAT
GENSOL,2026-06-29,0.0903,UNEXPLAINED
GEOINFO,2005-02-18,0.1050,UNEXPLAINED
GEOINFO,2007-08-17,0.6443,UNEXPLAINED
GEOJIT,2006-09-26,0.0920,UNEXPLAINED
GEOMETRIC,2005-08-02,0.2170,UNEXPLAINED
GET&D,2023-08-16,1.5789,UNEXPLAINED
GFLLIMITED,2019-08-22,0.0620,REVERTED
GFLLIMITED,2021-04-13,0.6479,UNEXPLAINED_KITE_FLAT
GFSTEELS,2020-08-18,1.6750,UNCONFIRMED_RATIO
GFSTEELS,2021-09-15,0.4744,UNEXPLAINED
GFSTEELS,2022-01-10,1.5652,REVERTED
GFSTEELS,2022-05-09,0.6354,UNEXPLAINED
GFSTEELS,2022-09-14,0.5784,UNEXPLAINED
GFSTEELS,2026-06-29,3.8886,UNEXPLAINED
GILLANDERS,2024-05-27,0.5226,UNEXPLAINED_KITE_FLAT
GINNIFILA,2014-03-03,1.4453,UNEXPLAINED
GISOLUTION,2011-03-07,0.4396,UNEXPLAINED
GISOLUTION,2021-04-27,0.6393,UNEXPLAINED
GISOLUTION,2023-03-15,1.4605,UNEXPLAINED
GITANJALI,2026-06-29,0.3000,UNEXPLAINED
GKW,2006-06-12,1.7601,REVERTED
GKW,2007-12-03,1.4370,UNEXPLAINED
GLENMARK,2005-03-04,0.5111,UNEXPLAINED_KITE_FLAT
GLFL,2014-09-09,1.8929,UNEXPLAINED
GLFL,2016-03-10,1.3824,UNEXPLAINED
GLFL,2017-03-07,1.7115,UNEXPLAINED
GLFL,2020-02-10,0.1042,UNEXPLAINED_KITE_FLAT
GLFL,2022-06-21,0.5581,UNEXPLAINED_KITE_FLAT
GLFL,2025-06-10,0.6311,REVERTED
GLFL,2026-02-09,0.6180,UNEXPLAINED_KITE_FLAT
GLOBAL,2022-09-13,2.3304,UNEXPLAINED_BOTH_MOVE
GLOBALE,2025-08-04,0.3460,UNEXPLAINED_KITE_FLAT
GLOBALVECT,2008-12-01,0.3029,UNEXPLAINED_KITE_FLAT
GLOBALVECT,2015-09-08,0.5899,UNEXPLAINED_KITE_FLAT
GLOBALVECT,2019-06-25,0.5559,UNEXPLAINED_KITE_FLAT
GLOBALVECT,2022-03-29,0.6202,UNEXPLAINED_KITE_FLAT
GLOBALVECT,2025-03-25,1.7883,UNEXPLAINED_KITE_FLAT
GLOBOFFS,2014-06-13,1.4479,UNEXPLAINED
GLOBOFFS,2020-08-18,1.7286,UNEXPLAINED
GLODYNE,2009-08-20,0.5220,UNEXPLAINED
GLORY,2008-06-13,0.6417,UNEXPLAINED
GLORY,2013-08-30,0.5294,UNEXPLAINED
GLORY,2014-03-03,0.4783,UNEXPLAINED
GMRINFRA,2007-09-28,0.2043,UNEXPLAINED
GMRINFRA,2009-10-01,0.5107,UNEXPLAINED
GOACARBON,2008-02-29,0.6178,UNEXPLAINED_KITE_FLAT
GOACARBON,2008-12-01,0.2831,UNEXPLAINED_KITE_FLAT
GODHA,2022-01-04,1.8732,UNEXPLAINED
GODHA,2022-01-20,0.5248,UNEXPLAINED
GODHA,2022-06-21,0.1119,UNEXPLAINED
GODHA,2024-05-06,0.5000,UNCONFIRMED_RATIO
GOENKA,2026-06-29,0.2343,UNEXPLAINED
GOKEX,2013-11-29,1.5821,UNEXPLAINED
GOKUL,2024-07-22,0.6398,UNEXPLAINED_KITE_FLAT
GOLDBEES,2019-12-19,0.0100,UNEXPLAINED_KITE_FLAT
GOLDENTOBC,2019-04-02,0.5535,UNEXPLAINED
GOLDENTOBC,2026-06-17,0.2754,UNEXPLAINED
GOLDIAM,2008-02-29,0.6485,UNEXPLAINED_KITE_FLAT
GOLDINFRA,2017-05-30,1.3621,REVERTED
GOLDINFRA,2017-11-14,1.4253,UNEXPLAINED
GOLDSHARE,2021-03-25,0.0100,UNEXPLAINED
GOLDTECH,2006-06-12,0.5881,UNEXPLAINED
GOLDTECH,2020-11-10,0.5517,UNEXPLAINED
GOLDTECH,2021-04-27,0.5607,UNEXPLAINED
GOLDTECH,2022-03-29,2.9765,UNCONFIRMED_RATIO
GOLDTECH,2024-03-04,1.5283,UNEXPLAINED
GOLDTECH,2025-02-17,0.5610,REVERTED
GOLDTELE,2006-06-12,0.5983,UNCONFIRMED_RATIO
GOODYEAR,2026-04-20,0.6261,REAL
GPELECT,2008-03-03,1.6947,REVERTED
GPTINFRA,2024-03-04,3.0508,UNEXPLAINED_KITE_FLAT
GRAUWEIL,2026-04-20,0.5896,UNEXPLAINED_KITE_FLAT
GREENFIRE,2013-03-01,0.4151,UNEXPLAINED
GREENFIRE,2015-10-07,2.5455,UNEXPLAINED
GREENPLY,2005-06-16,0.5131,UNEXPLAINED_KITE_FLAT
GREENPOWER,2022-03-29,2.7789,UNEXPLAINED_KITE_FLAT
GROBTEA,2020-03-04,0.6393,UNEXPLAINED_KITE_FLAT
GROBTEA,2020-11-10,0.5464,UNEXPLAINED_KITE_FLAT
GROWWSLVR,2026-02-06,0.0949,UNEXPLAINED_KITE_FLAT
GSLNOVA,2014-09-10,1.7368,UNEXPLAINED
GSSAMERICA,2009-06-12,1.5082,UNCONFIRMED_RATIO
GTL,2011-06-20,0.3782,REVERTED
GTL,2019-04-02,0.6242,UNEXPLAINED_KITE_FLAT
GTLINFRA,2011-06-20,0.5726,REAL
GTLINFRA,2014-06-13,1.7273,UNEXPLAINED_KITE_FLAT
GTLINFRA,2018-10-30,0.5909,UNEXPLAINED_KITE_FLAT
GTLINFRA,2021-10-25,0.4697,UNEXPLAINED_KITE_FLAT
GTNIND,2014-08-06,1.4831,UNCONFIRMED_RATIO
GUFICBIO,2006-06-12,0.4557,UNEXPLAINED_KITE_FLAT
GUFICBIO,2008-02-29,0.5403,UNEXPLAINED_KITE_FLAT
GUJAMBCEM,2005-06-20,0.1314,UNEXPLAINED
GUJFLUORO,2005-10-10,0.2045,UNEXPLAINED
GUJFLUORO,2008-02-01,0.5126,UNEXPLAINED
GUJNRECOKE,2005-02-09,0.5161,REVERTED
GUJRAFFIA,2025-07-07,0.5359,UNEXPLAINED_KITE_FLAT
GUJRAFFIA,2026-02-24,0.5212,UNEXPLAINED_KITE_FLAT
GULPOLY,2021-10-11,1.3539,UNEXPLAINED_KITE_FLAT
GVKPIL,2018-02-07,1.5142,UNCONFIRMED_RATIO
GVKPIL,2022-08-19,1.7273,UNEXPLAINED
GVKPIL,2026-06-17,0.3226,UNEXPLAINED
HANUNG,2013-11-29,0.6309,UNEXPLAINED
HANUNG,2014-11-24,0.5190,UNEXPLAINED
HARITASEAT,2009-11-20,1.4606,UNEXPLAINED
HATHWAY,2020-11-09,0.5203,UNEXPLAINED_KITE_FLAT
HAVELLS,2009-05-06,1.3603,REAL
HBLPOWER,2009-11-24,0.0995,UNCONFIRMED_RATIO
HBSL,2018-10-16,0.6178,UNEXPLAINED_KITE_FLAT
HBSTOCK,2009-08-21,1.9240,UNEXPLAINED
HCIL,2010-11-08,0.1039,UNEXPLAINED
HCL-INSYS,2005-07-08,0.2117,REVERTED
HCL-INSYS,2024-03-13,0.5725,UNEXPLAINED_KITE_FLAT
HDFCMFGETF,2021-02-17,0.0099,UNEXPLAINED
HDFCMOMENT,2023-10-20,0.0981,UNEXPLAINED_KITE_FLAT
HDFCNIFETF,2021-02-17,0.0998,UNCONFIRMED_RATIO
HDFCNIFIT,2024-02-02,0.1022,UNEXPLAINED_KITE_FLAT
HDFCSENETF,2021-02-17,0.0993,UNCONFIRMED_RATIO
HEALTHADD,2026-07-03,0.1026,UNEXPLAINED_KITE_FLAT
HECPROJECT,2025-02-17,0.6487,UNEXPLAINED_KITE_FLAT
HELIOSMATH,2005-10-27,0.4830,UNEXPLAINED
HELIOSMATH,2009-06-12,1.6843,UNCONFIRMED_RATIO
HERANBA,2025-06-30,1.4553,UNEXPLAINED_KITE_FLAT
HERCULES,2024-10-25,0.2938,UNEXPLAINED
HERITGFOOD,2007-06-08,0.5766,UNEXPLAINED_KITE_FLAT
HERITGFOOD,2009-11-20,1.3861,UNEXPLAINED_KITE_FLAT
HERITGFOOD,2023-01-20,0.5316,UNEXPLAINED_KITE_FLAT
HEXATRADEX,2021-05-24,1.9452,UNEXPLAINED_KITE_FLAT
HEXATRADEX,2021-11-22,0.6396,UNEXPLAINED_KITE_FLAT
HEXAWARE,2005-04-28,0.1978,UNCONFIRMED_RATIO
HEXAWARE,2009-02-12,1.6633,UNCONFIRMED_RATIO
HILTON,2018-07-24,0.5626,UNEXPLAINED_KITE_FLAT
HILTON,2019-06-25,0.5419,UNEXPLAINED_KITE_FLAT
HIMATSEIDE,2011-03-07,0.6148,UNEXPLAINED_KITE_FLAT
HINDALC0,2005-08-30,0.1023,UNEXPLAINED
HINDCOMPOS,2008-11-06,0.5753,REAL
HINDCON,2025-03-25,0.6362,UNEXPLAINED
HINDCONS,2005-11-08,0.1005,UNCONFIRMED_RATIO
HINDDORROL,2006-02-17,5.5121,UNEXPLAINED
HINDDORROL,2014-06-13,1.3633,UNEXPLAINED
HINDDORROL,2017-10-18,0.2692,REVERTED
HINDDORROL,2018-02-07,1.5455,UNEXPLAINED
HINDDORROL,2018-05-02,0.5000,UNCONFIRMED_RATIO
HINDMOTORS,2018-05-02,0.6455,UNEXPLAINED
HINDMOTORS,2025-09-22,0.6333,UNEXPLAINED
HINDSANIT,2005-01-05,0.5842,UNEXPLAINED
HINDSANIT,2005-12-30,0.4015,UNCONFIRMED_RATIO
HINDSYNTEX,2006-06-12,0.4183,UNEXPLAINED
HINDSYNTEX,2008-12-02,0.5053,UNCONFIRMED_RATIO
HINDSYNTEX,2009-03-03,0.6429,UNEXPLAINED
HINDSYNTEX,2013-06-14,2.1404,UNEXPLAINED
HINDSYNTEX,2018-05-02,0.5281,UNEXPLAINED
HINDSYNTEX,2019-05-02,0.6095,UNEXPLAINED
HINDUJAFO,2009-11-20,1.9750,UNCONFIRMED_RATIO
HIRECT,2023-10-23,1.4335,UNEXPLAINED_KITE_FLAT
HITECHGEAR,2005-03-16,0.4751,REVERTED
HITECHGEAR,2026-06-17,0.6213,UNEXPLAINED
HITECHPLAS,2008-11-10,1.6264,UNEXPLAINED
HMT,2008-12-01,0.3381,UNCONFIRMED_RATIO
HMT,2026-06-17,1.4101,UNEXPLAINED
HNGSNGBEES,2019-12-19,0.1137,UNEXPLAINED_KITE_FLAT
HOCL,2007-06-08,1.4761,UNEXPLAINED
HOCL,2011-03-07,0.5869,UNEXPLAINED
HOTELEELA,2006-09-08,0.2375,UNEXPLAINED
HOTELRUGBY,2006-08-30,1.6932,UNEXPLAINED
HOTELRUGBY,2007-12-03,1.5125,REVERTED
HOTELRUGBY,2008-02-29,0.6019,UNCONFIRMED_RATIO
HOTELRUGBY,2012-08-31,2.8242,UNEXPLAINED
HOTELRUGBY,2019-12-26,0.3188,UNEXPLAINED
HOTELRUGBY,2021-10-12,1.4722,UNEXPLAINED
HOVS,2014-03-03,1.4732,UNEXPLAINED
HSIL,2019-09-03,0.2063,UNEXPLAINED
HUBTOWN,2024-07-29,1.6176,UNEXPLAINED_KITE_FLAT
HYBRIDFIN,2023-02-28,0.4469,UNEXPLAINED_KITE_FLAT
HYDROS&S,2013-08-30,2.6180,REVERTED
IBIPL,2014-06-13,1.5263,UNEXPLAINED
IBREALEST,2017-04-17,1.4001,UNEXPLAINED
IBREALEST,2026-06-29,0.4102,UNEXPLAINED
ICDSLTD,2025-03-25,0.6189,UNEXPLAINED
ICICI500,2021-10-28,0.0995,UNCONFIRMED_RATIO
ICICIBANKN,2022-09-01,0.0995,UNCONFIRMED_RATIO
ICICIGOLD,2018-11-15,0.1021,UNEXPLAINED
ICICIMOM30,2022-08-12,0.1012,UNCONFIRMED_RATIO
ICICINXT50,2018-11-16,0.1097,UNEXPLAINED
ICICITECH,2022-09-01,0.0984,UNEXPLAINED
ICIL,2010-12-03,1.8136,UNEXPLAINED_KITE_FLAT
ICIL,2013-11-29,1.4011,UNEXPLAINED_KITE_FLAT
ICIL,2016-11-11,0.1876,UNEXPLAINED_KITE_FLAT
ICSA,2008-10-14,1.4053,UNEXPLAINED
ICSA,2014-08-06,1.5429,UNEXPLAINED
ICSA,2026-06-29,0.0435,UNEXPLAINED
IDEA,2019-03-29,0.6293,UNEXPLAINED_KITE_FLAT
IDEA,2019-11-19,1.3596,REAL
IDEA,2020-02-19,1.4000,REAL
IDEA,2020-03-18,0.6495,REAL
IDFC,2015-10-01,0.4279,UNEXPLAINED
IEL,2024-02-12,1.5756,UNEXPLAINED
IFBAGRO,2006-06-12,0.3426,UNEXPLAINED_KITE_FLAT
IFBIND,2009-06-12,1.5434,UNEXPLAINED_KITE_FLAT
IFL,2010-02-19,0.6204,UNEXPLAINED
IGARASHI,2009-08-21,1.3943,REVERTED
IGARASHI,2010-08-20,1.5928,UNEXPLAINED_KITE_FLAT
IGOLD,2016-06-09,0.1053,UNEXPLAINED
IGPL,2014-08-06,1.4058,UNEXPLAINED_KITE_FLAT
IIFL,2019-06-14,0.3936,UNEXPLAINED_KITE_FLAT
IILTD,2008-12-01,0.4423,UNEXPLAINED
IL&FSENGG,2026-06-17,1.5438,UNEXPLAINED
IL&FSTRANS,2026-06-17,0.4450,UNEXPLAINED
IMFA,2011-08-26,0.5094,UNEXPLAINED_KITE_FLAT
IMPEXFERRO,2019-12-23,0.3182,REVERTED
IMPEXFERRO,2020-11-10,1.5714,REVERTED
IMPEXFERRO,2021-03-08,0.6190,REVERTED
IMPEXFERRO,2022-03-15,1.4000,UNEXPLAINED
IMPEXFERRO,2022-09-13,0.5069,UNCONFIRMED_RATIO
IMPEXFERRO,2023-03-27,0.4135,UNEXPLAINED
IMPEXFERRO,2026-06-29,0.3635,UNEXPLAINED
INDIABULLS,2007-01-02,0.4625,UNEXPLAINED
INDIAFOILS,2006-06-12,0.5463,UNEXPLAINED
INDIAGLYCO,2009-06-12,1.4626,UNEXPLAINED_KITE_FLAT
INDIAGLYCO,2026-09-17,0.2237,UNEXPLAINED_KITE_FLAT
INDIAINFO,2008-08-08,0.2068,UNEXPLAINED
INDIANHUME,2008-02-29,0.6290,UNEXPLAINED_KITE_FLAT
INDLMETER,2022-03-29,0.5911,UNCONFIRMED_RATIO
INDOFARM,2025-07-21,1.4539,UNEXPLAINED_KITE_FLAT
INDORAMA,2014-06-30,1.6282,UNEXPLAINED_KITE_FLAT
INDOSOLAR,2014-09-09,3.4750,UNEXPLAINED
INDOSOLAR,2017-08-23,0.6179,UNEXPLAINED
INDOSOLAR,2018-10-16,0.5514,UNEXPLAINED
INDOSOLAR,2026-06-29,231.5000,UNEXPLAINED
INDOTECH,2014-06-13,1.4427,UNEXPLAINED_KITE_FLAT
INDOTECH,2024-01-01,1.9008,UNEXPLAINED_KITE_FLAT
INDOTECH,2024-12-16,1.7320,REVERTED
INDOTHAI,2021-07-20,1.7080,UNEXPLAINED_KITE_FLAT
INDOTHAI,2024-12-09,2.2319,REVERTED
INDOTHAI,2025-09-15,1.7141,UNEXPLAINED_KITE_FLAT
INDOUS,2025-05-05,0.4860,UNEXPLAINED_KITE_FLAT
INDOWIND,2024-04-23,1.7804,UNEXPLAINED_KITE_FLAT
INDRAMEDCO,2024-03-11,2.0611,UNEXPLAINED_KITE_FLAT
INDSWFTLAB,2019-12-10,0.5463,UNEXPLAINED_KITE_FLAT
INDSWFTLTD,2005-04-29,0.1983,UNCONFIRMED_RATIO
INDSWFTLTD,2016-08-23,0.5971,UNCONFIRMED_RATIO
INDSWFTLTD,2019-06-25,0.6045,UNCONFIRMED_RATIO
INDSWFTLTD,2021-07-27,1.4684,REVERTED
INDSWFTLTD,2021-10-12,1.4474,UNEXPLAINED
INDSWFTLTD,2024-01-20,1.4878,UNCONFIRMED_RATIO
INDSWFTLTD,2025-04-28,0.4224,UNEXPLAINED
INDTERRAIN,2021-04-27,0.6165,UNEXPLAINED_KITE_FLAT
INDUJENERT,2006-08-28,2.7429,UNEXPLAINED
INDUSFILA,2026-06-29,64.3836,UNEXPLAINED
INDUSINDBK,2020-03-26,1.4467,REVERTED
INFIBEAM,2017-08-31,0.1018,UNEXPLAINED
INFIBEAM,2018-09-28,0.2917,UNEXPLAINED
INFIBEAM,2021-03-18,0.4282,UNEXPLAINED
INFIBEAM,2022-03-14,0.4804,UNEXPLAINED
INFODRIVE,2013-03-01,0.4632,UNEXPLAINED
INFOMEDIA,2013-11-29,0.6389,UNEXPLAINED
INFOSYSTCH,2006-07-13,0.4968,UNCONFIRMED_RATIO
INFOTECENT,2006-07-28,0.3553,UNEXPLAINED
INFOTECENT,2010-06-10,0.5143,UNEXPLAINED
INSPIRISYS,2024-07-16,1.3882,UNEXPLAINED_KITE_FLAT
INSPIRISYS,2026-05-19,1.3648,UNEXPLAINED_KITE_FLAT
INTEGRA,2014-08-08,1.6071,UNEXPLAINED
INTEGRA,2019-12-23,0.1111,UNEXPLAINED
INTEGRA,2020-03-04,1.8571,UNEXPLAINED
INTEGRA,2020-11-13,2.8000,UNEXPLAINED
INTENTECH,2018-10-16,0.6412,UNEXPLAINED_KITE_FLAT
IOLCP,2014-08-06,1.5543,UNEXPLAINED_KITE_FLAT
IPCALAB,2005-01-28,0.4915,UNEXPLAINED_KITE_FLAT
IRIS,2025-06-17,1.3944,UNEXPLAINED_KITE_FLAT
IRISDOREME,2021-10-12,1.4568,UNEXPLAINED_KITE_FLAT
ISFT,2015-04-09,1.5871,UNEXPLAINED
ISMTLTD,2021-10-12,1.6720,UNCONFIRMED_RATIO
ITC,2005-09-21,0.0727,UNEXPLAINED_KITE_FLAT
ITDCEM,2014-10-10,1.6464,UNCONFIRMED_RATIO
ITDCEM,2015-08-21,0.0994,UNCONFIRMED_RATIO
ITI,2008-12-01,0.3854,UNEXPLAINED_KITE_FLAT
ITI,2025-04-15,0.5770,UNEXPLAINED_KITE_FLAT
IVC,2021-02-02,1.3971,UNEXPLAINED_KITE_FLAT
IVC,2022-03-29,0.5755,UNEXPLAINED_KITE_FLAT
IVP,2008-02-29,0.5851,UNEXPLAINED
IVRCLINFRA,2006-03-29,0.1999,UNCONFIRMED_RATIO
IVRCLINFRA,2026-06-29,0.4000,UNCONFIRMED_RATIO
IVRPRIME,2008-01-23,1.3698,UNEXPLAINED
IVZINGOLD,2026-04-30,0.0102,UNEXPLAINED_KITE_FLAT
IWEL,2021-10-12,1.4975,UNCONFIRMED_RATIO
IWEL,2024-06-18,1.7000,UNEXPLAINED
JAIBALAJI,2014-08-06,2.3578,UNEXPLAINED_KITE_FLAT
JAIBALAJI,2023-11-07,6.8955,REVERTED
JAIBALAJI,2024-09-16,1.7990,UNEXPLAINED_KITE_FLAT
JAICORPLTD,2007-03-02,4.4102,UNEXPLAINED_KITE_FLAT
JAICORPLTD,2007-12-03,0.1545,UNEXPLAINED_KITE_FLAT
JAIHINDPRO,2014-06-13,1.3822,UNEXPLAINED
JAINSTUDIO,2026-06-29,0.3902,UNEXPLAINED
JAYAGROGN,2006-04-13,0.4889,UNEXPLAINED_KITE_FLAT
JAYBARMARU,2005-09-23,0.5385,UNEXPLAINED_KITE_FLAT
JAYPEEHOT,2007-12-03,2.9443,UNEXPLAINED
JBCHEPHARM,2005-04-05,0.1914,UNEXPLAINED
JBFIND,2018-10-30,0.2112,UNEXPLAINED
JBFIND,2020-05-27,0.6081,UNCONFIRMED_RATIO
JBFIND,2021-10-12,1.3615,UNEXPLAINED
JBFIND,2026-06-29,0.5212,UNEXPLAINED
JCTEL,2008-02-29,0.4760,UNEXPLAINED
JCTEL,2008-12-01,0.4886,UNEXPLAINED
JCTEL,2009-08-21,0.5876,UNEXPLAINED
JCTEL,2013-11-29,1.4286,UNEXPLAINED
JCTEL,2014-03-03,0.6364,UNEXPLAINED
JCTELEC,2006-06-12,0.3165,UNEXPLAINED
JDORGO,2006-06-12,1.4286,REVERTED
JDORGO,2006-07-31,0.5630,UNEXPLAINED
JDORGO,2008-05-06,1.4714,UNEXPLAINED
JDORGOCHEM,2011-09-12,1.5937,UNEXPLAINED
JDORGOCHEM,2012-06-15,0.6356,UNEXPLAINED
JENSONICOL,2006-06-12,0.3763,UNEXPLAINED
JENSONICOL,2008-02-29,0.4703,UNEXPLAINED
JENSONICOL,2017-06-27,0.4935,REVERTED
JETAIRWAYS,2019-06-18,0.5921,REVERTED
JETAIRWAYS,2019-06-20,1.8988,REVERTED
JETAIRWAYS,2026-06-29,0.4784,UNEXPLAINED
JHS,2009-11-20,1.3782,UNEXPLAINED
JHS,2014-06-13,1.4255,UNEXPLAINED
JHS,2016-03-10,2.6243,UNEXPLAINED
JIKINDS,2006-06-12,0.4386,UNEXPLAINED
JINDALPHOT,2014-08-06,1.6794,UNCONFIRMED_RATIO
JINDALPHOT,2016-05-26,0.5284,UNEXPLAINED_KITE_FLAT
JINDALPHOT,2019-12-17,0.3790,UNEXPLAINED_KITE_FLAT
JINDALSTEL,2009-09-14,0.1706,UNEXPLAINED_KITE_FLAT
JINDALSWHL,2007-06-08,1.9352,UNEXPLAINED
JISLDVREQS,2020-08-18,1.3962,UNEXPLAINED_KITE_FLAT
JISLJALEQS,2020-08-18,2.1776,UNEXPLAINED_KITE_FLAT
JITFINFRA,2024-06-10,1.3913,UNEXPLAINED_KITE_FLAT
JMFINANCIL,2008-09-08,0.0480,UNEXPLAINED_KITE_FLAT
JMTAUTOLTD,2009-05-04,1.4617,UNEXPLAINED
JMTAUTOLTD,2014-06-13,2.6608,UNEXPLAINED
JMTAUTOLTD,2014-08-06,1.3846,REVERTED
JMTAUTOLTD,2019-09-17,0.6429,UNEXPLAINED
JMTAUTOLTD,2020-05-27,1.4211,UNEXPLAINED
JPASSOCIAT,2021-09-20,0.6321,UNEXPLAINED
JPINFRATEC,2018-10-30,0.4706,UNEXPLAINED
JPOLYINVST,2019-06-25,0.6468,UNEXPLAINED_KITE_FLAT
JPOLYINVST,2021-09-14,2.3589,UNEXPLAINED_KITE_FLAT
JSL,2015-12-04,0.5280,UNEXPLAINED_KITE_FLAT
JSWISPL,2021-09-13,0.6174,UNEXPLAINED
JUBILANT,2006-03-17,0.2079,UNEXPLAINED
JUMBO,2011-03-07,0.4989,REVERTED
JYOTISTRUC,2024-01-20,3.3228,UNEXPLAINED_KITE_FLAT
KAJARIACER,2005-10-19,0.1944,UNEXPLAINED_KITE_FLAT
KALPATPOWR,2006-04-13,0.4658,UNEXPLAINED
KALPATPOWR,2010-09-08,0.2061,UNEXPLAINED
KALSTEELS,2009-08-21,1.9824,UNCONFIRMED_RATIO
KALYANIFRG,2024-02-22,2.1499,UNEXPLAINED
KAMATHOTEL,2006-06-12,0.6493,UNEXPLAINED_KITE_FLAT
KAMOPAINTS,2025-08-04,0.3568,UNEXPLAINED_KITE_FLAT
KANANIIND,2012-12-03,1.3569,UNEXPLAINED_KITE_FLAT
KANANIIND,2020-03-04,0.3524,UNEXPLAINED_KITE_FLAT
KANANIIND,2020-08-18,1.7333,UNEXPLAINED_KITE_FLAT
KANANIIND,2024-05-27,0.5103,UNEXPLAINED_KITE_FLAT
KANDAGIRI,2012-11-06,1.3551,UNEXPLAINED
KANORICHEM,2008-02-29,0.2557,UNEXPLAINED
KANORICHEM,2021-04-27,2.0553,UNEXPLAINED
KARDA,2020-11-10,0.5700,UNEXPLAINED
KARDA,2021-09-13,0.0905,UNEXPLAINED
KARMAENG,2014-06-13,1.3689,UNEXPLAINED_KITE_FLAT
KARMAENG,2021-04-27,0.5480,UNEXPLAINED_KITE_FLAT
KARMAENG,2022-06-21,0.6390,UNEXPLAINED_KITE_FLAT
KAUSHALYA,2020-11-10,3.1111,UNEXPLAINED
KAUSHALYA,2021-07-20,1.6452,UNCONFIRMED_RATIO
KAUSHALYA,2022-03-29,0.5748,UNEXPLAINED
KAUSHALYA,2024-03-04,89.8333,UNEXPLAINED
KAUSHALYA,2025-12-08,0.5167,UNEXPLAINED
KAVVERITEL,2013-08-30,0.5338,UNEXPLAINED
KAVVERITEL,2022-01-04,2.7536,UNEXPLAINED
KAVVERITEL,2022-03-29,0.6400,UNEXPLAINED
KAYA,2025-02-03,0.4730,UNEXPLAINED
KBCGLOBAL,2025-05-05,0.3206,UNEXPLAINED
KCPSUGIND,2006-03-08,0.0985,UNEXPLAINED
KCPSUGIND,2008-12-01,0.4725,UNEXPLAINED
KECINTL,2006-02-07,0.1653,UNCONFIRMED_RATIO
KEERTI,2023-06-20,2.4499,REVERTED
KEI,2009-08-21,1.7964,UNEXPLAINED_KITE_FLAT
KELLTONTEC,2020-08-18,1.4321,UNEXPLAINED_KITE_FLAT
KEMROCK,2013-03-01,0.4806,UNEXPLAINED
KEMROCK,2014-06-13,1.3624,UNEXPLAINED
KEMROCK,2014-08-06,0.5787,UNEXPLAINED
KEMROCK,2014-10-10,0.5829,UNEXPLAINED
KERNEX,2007-12-03,1.5796,UNEXPLAINED
KERNEX,2010-02-19,1.3644,REVERTED
KERNEX,2024-03-11,8.1952,UNEXPLAINED_KITE_FLAT
KESARENT,2008-12-02,0.4692,UNEXPLAINED
KESARENT,2010-05-13,0.4414,UNEXPLAINED
KESARENT,2014-08-06,1.5457,UNEXPLAINED
KESORAMIND,2025-03-25,0.0267,REVERTED
KESORAMIND,2025-09-08,1.3543,UNEXPLAINED_KITE_FLAT
KEYCORPSER,2009-04-28,0.4286,UNEXPLAINED
KEYCORPSER,2011-03-08,0.5245,REVERTED
KEYFINSERV,2025-08-04,0.5780,UNEXPLAINED_KITE_FLAT
KHAICHEM,2025-09-01,1.5416,UNEXPLAINED_KITE_FLAT
KILITCH,2012-09-24,0.6008,UNCONFIRMED_RATIO
KILITCH,2022-03-29,0.6389,UNEXPLAINED_KITE_FLAT
KINETICMOT,2008-02-29,0.6152,UNEXPLAINED
KINETICMOT,2008-12-01,0.2470,UNCONFIRMED_RATIO
KIRIINDUS,2013-06-14,0.4140,UNEXPLAINED_KITE_FLAT
KIRIINDUS,2014-03-03,4.7095,UNEXPLAINED_KITE_FLAT
KIRLOSOIL,2005-08-10,0.2034,UNEXPLAINED
KITPLYIND,2005-07-08,1.4434,UNEXPLAINED
KITPLYIND,2006-06-12,0.5134,UNEXPLAINED
KLGSYSTEL,2006-01-27,0.5250,UNEXPLAINED
KMSUGAR,2008-02-29,0.6275,UNEXPLAINED
KMSUGAR,2008-12-01,0.4158,UNEXPLAINED
KMSUGAR,2010-08-30,1.8132,UNEXPLAINED
KNL,2008-04-04,0.1042,UNEXPLAINED
KNRCON,2009-08-21,1.3501,UNEXPLAINED_KITE_FLAT
KNRCON,2016-12-13,0.2117,UNEXPLAINED_KITE_FLAT
KOHINOOR,2020-02-11,0.5851,UNEXPLAINED_KITE_FLAT
KOHINOOR,2022-09-13,3.9331,UNEXPLAINED_KITE_FLAT
KOPDRUGS,2006-06-12,0.4110,UNEXPLAINED
KOPDRUGS,2006-08-28,1.5336,UNEXPLAINED
KOPDRUGS,2008-02-29,0.5793,UNEXPLAINED
KOPRAN,2006-06-12,0.5441,UNEXPLAINED_KITE_FLAT
KOTAKBANK,2005-08-25,0.4363,UNEXPLAINED_KITE_FLAT
KOTAKGOLD,2015-04-13,0.1048,UNEXPLAINED
KOTAKGOLD,2021-07-22,0.0996,UNCONFIRMED_RATIO
KOTAKNIFTY,2017-07-27,0.1002,UNCONFIRMED_RATIO
KOTARISUG,2006-06-12,0.5919,UNCONFIRMED_RATIO
KOTARISUG,2009-06-12,1.3800,UNEXPLAINED
KOTHARIPET,2006-06-12,0.4619,UNEXPLAINED_KITE_FLAT
KOTHARIPET,2007-12-03,3.8654,UNEXPLAINED_KITE_FLAT
KOTHARIPET,2008-02-29,0.4589,REVERTED
KOTHARIPRO,2022-06-21,0.6441,UNEXPLAINED_KITE_FLAT
KOUTONS,2012-12-03,1.3984,UNEXPLAINED
KOVAI,2021-08-05,11.4284,UNEXPLAINED_BOTH_MOVE
KOVAI,2026-04-20,2.1299,REAL
KPIT,2005-03-03,0.4940,UNCONFIRMED_RATIO
KPIT,2007-01-04,0.2053,UNEXPLAINED
KPIT,2012-03-13,0.4573,UNEXPLAINED
KPIT,2019-01-24,0.5952,UNCONFIRMED_RATIO
KPRMILL,2016-11-29,0.5340,UNEXPLAINED_KITE_FLAT
KRBL,2010-02-10,0.1179,UNEXPLAINED_KITE_FLAT
KRIDHANINF,2020-03-04,0.3673,UNEXPLAINED_KITE_FLAT
KRIDHANINF,2020-08-18,1.4318,UNEXPLAINED_KITE_FLAT
KRIDHANINF,2022-03-29,0.6149,UNEXPLAINED_KITE_FLAT
KRIDHANINF,2024-01-01,1.4490,UNEXPLAINED_KITE_FLAT
KRIDHANINF,2025-03-25,0.4438,UNEXPLAINED_KITE_FLAT
KRISHNAENG,2008-02-29,0.5862,UNEXPLAINED
KRISHNAENG,2008-12-01,0.5000,UNCONFIRMED_RATIO
KRISHNAENG,2009-08-21,0.6154,UNEXPLAINED
KRISHNAENG,2014-11-17,0.5600,REVERTED
KSBPUMPS,2011-04-18,0.5108,UNEXPLAINED
KSERAPRO,2007-03-02,0.6404,UNEXPLAINED
KSERASERA,2011-12-02,0.2588,UNEXPLAINED
KSERASERA,2013-03-01,3.2419,UNEXPLAINED
KSERASERA,2016-02-09,1.5000,REVERTED
KSERASERA,2017-03-14,1.5000,UNCONFIRMED_RATIO
KSERASERA,2017-03-16,1.5000,UNCONFIRMED_RATIO
KSERASERA,2017-03-22,1.5000,REVERTED
KSERASERA,2017-05-30,0.5000,REVERTED
KSERASERA,2017-05-31,1.5000,UNCONFIRMED_RATIO
KSERASERA,2017-06-23,1.5000,UNCONFIRMED_RATIO
KSERASERA,2017-06-30,1.5000,UNCONFIRMED_RATIO
KSERASERA,2017-07-11,1.5000,UNCONFIRMED_RATIO
KSERASERA,2017-07-20,1.5000,UNCONFIRMED_RATIO
KSERASERA,2017-07-28,1.5000,UNCONFIRMED_RATIO
KSERASERA,2017-08-08,1.5000,REVERTED
KSERASERA,2017-08-11,1.5000,REVERTED
KSERASERA,2017-08-21,1.5000,REVERTED
KSERASERA,2017-08-28,1.5000,UNCONFIRMED_RATIO
KSERASERA,2017-09-08,1.5000,UNCONFIRMED_RATIO
KSERASERA,2017-09-20,1.5000,REVERTED
KSERASERA,2017-10-04,1.5000,UNCONFIRMED_RATIO
KSERASERA,2017-10-10,1.5000,REVERTED
KSERASERA,2017-10-12,1.5000,REVERTED
KSERASERA,2017-10-23,1.5000,UNCONFIRMED_RATIO
KSERASERA,2017-10-30,1.5000,UNCONFIRMED_RATIO
KSERASERA,2017-11-02,1.5000,REVERTED
KSERASERA,2018-11-05,1.5000,UNCONFIRMED_RATIO
KSERASERA,2019-01-14,1.5000,UNCONFIRMED_RATIO
KSERASERA,2019-01-18,1.5000,REVERTED
KSERASERA,2019-01-22,1.5000,UNCONFIRMED_RATIO
KSERASERA,2019-01-28,1.5000,REVERTED
KSERASERA,2019-02-01,1.5000,UNCONFIRMED_RATIO
KSERASERA,2019-02-05,1.5000,UNCONFIRMED_RATIO
KSERASERA,2019-04-05,1.5000,UNCONFIRMED_RATIO
KSERASERA,2019-04-10,1.5000,UNCONFIRMED_RATIO
KSERASERA,2019-04-18,1.5000,UNCONFIRMED_RATIO
KSERASERA,2019-04-24,1.5000,REVERTED
KSERASERA,2019-05-07,1.5000,REVERTED
KSERASERA,2019-05-15,1.5000,UNCONFIRMED_RATIO
KSERASERA,2019-05-20,1.5000,UNCONFIRMED_RATIO
KSERASERA,2019-05-24,1.5000,UNCONFIRMED_RATIO
KSERASERA,2019-05-30,1.5000,REVERTED
KSERASERA,2019-06-07,1.5000,REVERTED
KSERASERA,2019-06-20,1.5000,UNCONFIRMED_RATIO
KSERASERA,2019-06-25,1.5000,REVERTED
KSERASERA,2019-07-04,1.5000,UNCONFIRMED_RATIO
KSERASERA,2019-07-09,1.5000,UNCONFIRMED_RATIO
KSERASERA,2019-07-15,1.5000,REVERTED
KSERASERA,2019-07-19,1.5000,UNCONFIRMED_RATIO
KSERASERA,2019-07-23,1.5000,UNCONFIRMED_RATIO
KSERASERA,2019-07-25,1.5000,REVERTED
KSERASERA,2019-07-30,1.5000,REVERTED
KSERASERA,2020-03-09,0.5000,UNCONFIRMED_RATIO
KSERASERA,2020-03-17,2.0000,UNCONFIRMED_RATIO
KSERASERA,2020-03-23,0.5000,REVERTED
KSERASERA,2020-03-24,2.0000,UNCONFIRMED_RATIO
KSERASERA,2020-03-26,0.5000,REVERTED
KSERASERA,2020-03-27,2.0000,UNCONFIRMED_RATIO
KSERASERA,2020-04-09,0.5000,REVERTED
KSERASERA,2020-04-13,2.0000,REVERTED
KSERASERA,2020-04-15,1.5000,UNCONFIRMED_RATIO
KSERASERA,2020-04-21,1.5000,REVERTED
KSERASERA,2020-04-24,1.5000,UNCONFIRMED_RATIO
KSERASERA,2020-04-29,1.5000,UNCONFIRMED_RATIO
KSERASERA,2020-05-06,1.5000,REVERTED
KSERASERA,2020-08-18,2.0000,UNCONFIRMED_RATIO
KSHITIJPOL,2022-12-06,0.5966,UNCONFIRMED_RATIO
KSHITIJPOL,2024-05-27,0.5198,UNEXPLAINED
KSHITIJPOL,2026-06-17,2.1227,REVERTED
KSK,2018-05-02,0.4797,UNEXPLAINED
KSK,2018-10-16,0.4412,UNEXPLAINED
KSK,2020-03-04,0.5833,REVERTED
KSK,2020-09-16,0.6429,UNEXPLAINED
KSOILS,2013-06-14,0.5690,UNEXPLAINED
KSOILS,2026-06-29,50.0000,UNEXPLAINED
KTKBANK,2005-01-13,0.4850,UNEXPLAINED_KITE_FLAT
LAKPRE,2026-06-17,0.3638,UNEXPLAINED
LAKSHMIEFL,2013-06-14,1.6813,UNCONFIRMED_RATIO
LAKSHMIMIL,2026-08-18,3.3956,UNEXPLAINED
LAL,2023-12-04,1.3813,UNEXPLAINED_KITE_FLAT
LAL,2024-12-31,0.5131,UNEXPLAINED_KITE_FLAT
LAMBODHARA,2025-03-24,0.6282,UNEXPLAINED_KITE_FLAT
LANCER,2026-08-17,0.0739,UNEXPLAINED_BOTH_MOVE
LANCOIN,2011-02-23,0.6124,UNEXPLAINED
LAOPALA,2008-12-02,0.6248,UNEXPLAINED_KITE_FLAT
LASA,2020-05-27,1.4625,UNEXPLAINED
LATTEYS,2025-06-23,0.5420,UNEXPLAINED_KITE_FLAT
LAXMIMACH,2006-12-13,0.1045,UNEXPLAINED
LCCINFOTEC,2006-06-12,0.3571,UNEXPLAINED
LCCINFOTEC,2008-02-29,3.0833,UNEXPLAINED
LCCINFOTEC,2011-03-07,0.3953,UNCONFIRMED_RATIO
LCCINFOTEC,2014-08-06,1.4000,UNEXPLAINED
LCCINFOTEC,2017-11-14,1.4000,UNEXPLAINED
LCCINFOTEC,2021-04-07,11.3750,UNEXPLAINED
LCCINFOTEC,2025-06-09,1.9705,REVERTED
LEEL,2026-06-29,12.7219,UNEXPLAINED
LGBFORGE,2014-06-13,2.2800,UNEXPLAINED
LGBFORGE,2014-09-09,1.4677,UNEXPLAINED
LGBFORGE,2019-06-25,0.4106,REVERTED
LGBFORGE,2020-03-04,0.6389,UNEXPLAINED
LGBFORGE,2022-03-29,0.6294,UNEXPLAINED
LIBAS,2019-09-11,1.3640,UNEXPLAINED_KITE_FLAT
LIBERTSHOE,2005-10-13,0.4771,UNEXPLAINED_KITE_FLAT
LICMFGOLD,2026-03-06,0.0099,UNEXPLAINED_KITE_FLAT
LICNFNHGP,2017-01-20,1.4809,REAL
LITL,2017-11-14,0.6296,UNEXPLAINED
LITL,2018-05-02,0.6000,REVERTED
LLOYDELENG,2005-07-08,1.6394,UNEXPLAINED
LLOYDELENG,2014-08-06,1.3557,UNEXPLAINED
LLOYDFIN,2006-06-12,0.2500,UNCONFIRMED_RATIO
LLOYDFIN,2008-02-29,2.3438,UNEXPLAINED
LLOYDFIN,2013-03-01,0.5862,UNEXPLAINED
LLOYDSTEEL,2008-02-29,0.4291,UNEXPLAINED
LLOYDSTEEL,2008-12-01,0.3793,UNEXPLAINED
LOTTEINDIA,2006-06-12,0.6354,UNEXPLAINED
LOTTEINDIA,2008-02-29,0.6455,UNEXPLAINED
LOTTEINDIA,2009-03-02,1.5074,UNCONFIRMED_RATIO
LPDC,2022-03-29,0.5796,UNEXPLAINED_KITE_FLAT
LPDC,2024-10-14,0.6205,UNEXPLAINED_KITE_FLAT
LPDC,2025-03-25,0.5866,UNEXPLAINED_KITE_FLAT
LSIL,2018-06-19,0.6000,UNCONFIRMED_RATIO
LSIL,2020-08-18,0.5862,UNEXPLAINED
LSIL,2021-10-12,2.4324,UNEXPLAINED
LUMAXTECH,2010-02-19,2.7362,UNEXPLAINED_KITE_FLAT
LYCOS,2018-05-02,0.6013,UNCONFIRMED_RATIO
LYKALABS,2007-03-02,0.5877,UNEXPLAINED
LYKALABS,2022-03-29,0.5985,UNCONFIRMED_RATIO
MAANALU,2023-10-30,1.5621,UNEXPLAINED_KITE_FLAT
MAANALU,2025-05-12,0.5540,UNEXPLAINED_KITE_FLAT
MAARSOFTW,2008-02-29,0.5444,UNEXPLAINED
MACMILLAN,2008-11-05,0.5710,UNEXPLAINED
MACPOWER,2024-05-13,2.7536,UNEXPLAINED_KITE_FLAT
MADHUCON,2019-04-02,1.5676,UNEXPLAINED_KITE_FLAT
MADRASCEM,2008-10-01,0.0528,UNEXPLAINED
MAGMA,2010-08-13,0.2088,UNEXPLAINED
MAGNUM,2019-12-23,0.6333,UNEXPLAINED_KITE_FLAT
MAGNUM,2021-10-12,1.4000,UNEXPLAINED_KITE_FLAT
MAHAPEXLTD,2026-03-20,0.4448,UNEXPLAINED_KITE_FLAT
MAHASTEEL,2025-08-25,1.9265,UNEXPLAINED
MAJESCO,2020-12-23,0.0124,UNEXPLAINED
MAJESCO,2021-04-27,1.6955,UNEXPLAINED
MALWACOTT,2008-12-01,0.4459,UNEXPLAINED
MANAKALUCO,2024-05-27,0.6286,UNEXPLAINED_KITE_FLAT
MANAKALUCO,2026-04-27,0.5422,UNEXPLAINED_KITE_FLAT
MANAKCOAT,2022-03-29,0.5908,UNEXPLAINED_KITE_FLAT
MANAKCOAT,2024-02-05,1.4564,UNEXPLAINED_KITE_FLAT
MANAKINDST,2017-03-07,1.3995,UNEXPLAINED
MANAKSIA,2014-12-18,0.5597,REVERTED
MANAKSTEEL,2024-07-15,0.5885,UNEXPLAINED
MANDHANA,2016-10-13,0.2748,UNEXPLAINED
MANGALAM,2006-06-12,0.5493,UNEXPLAINED_KITE_FLAT
MANGALAM,2007-03-02,0.5556,UNEXPLAINED_KITE_FLAT
MANGALAM,2014-09-09,3.7383,UNEXPLAINED_KITE_FLAT
MANGALAM,2019-06-25,0.4665,UNEXPLAINED_KITE_FLAT
MANGTIMBER,2020-04-13,0.6276,UNEXPLAINED
MANOMAY,2024-11-18,0.6134,UNEXPLAINED_KITE_FLAT
MANORAMA,2023-08-16,1.3683,UNEXPLAINED_KITE_FLAT
MARALOVER,2008-02-29,0.6145,UNEXPLAINED_KITE_FLAT
MARG,2014-06-30,1.3657,UNEXPLAINED
MARINE,2025-03-25,0.6473,UNEXPLAINED_KITE_FLAT
MARKSANS,2012-12-03,1.4118,UNEXPLAINED_KITE_FLAT
MARKSANS,2013-06-14,1.4074,UNEXPLAINED_KITE_FLAT
MARSHALL,2023-05-23,1.3574,UNEXPLAINED
MARSHALL,2024-08-26,1.5284,UNEXPLAINED
MARSHALL,2026-06-29,0.1507,UNEXPLAINED
MASTEK,2006-03-27,0.4560,UNEXPLAINED_KITE_FLAT
MASTEK,2015-06-26,0.4753,UNEXPLAINED_KITE_FLAT
MATRIXLABS,2005-01-13,0.0983,UNEXPLAINED
MAX,2007-03-12,0.2055,UNEXPLAINED
MAXWELL,2013-03-01,0.6248,UNEXPLAINED
MBECL,2024-04-22,0.1041,UNEXPLAINED
MBECL,2026-06-29,10.0153,UNCONFIRMED_RATIO
MBLINFRA,2020-08-18,1.5652,UNEXPLAINED_KITE_FLAT
MBLINFRA,2023-10-23,1.4747,UNEXPLAINED_KITE_FLAT
MBSWITCH,2012-12-03,1.7072,UNEXPLAINED
MBSWITCH,2012-12-21,0.0953,UNEXPLAINED
MCDHOLDING,2008-02-29,0.5669,UNEXPLAINED
MCDHOLDING,2008-12-01,0.3118,UNEXPLAINED
MCDHOLDING,2009-08-21,1.4735,UNEXPLAINED
MCDHOLDING,2020-03-04,0.4943,UNCONFIRMED_RATIO
MCDOWELL-N,2018-06-15,0.1960,UNEXPLAINED
MCL,2025-03-25,0.6244,UNEXPLAINED_KITE_FLAT
MCLEODRUSS,2020-11-10,6.6667,UNEXPLAINED_KITE_FLAT
MEDICO,2023-02-28,3.2556,UNEXPLAINED_KITE_FLAT
MEGASOFT,2021-10-12,1.5192,UNCONFIRMED_RATIO
MEGASOFT,2022-03-29,1.6890,UNCONFIRMED_RATIO
MEGASOFT,2024-02-19,1.6110,REVERTED
MEGASOFT,2024-12-31,1.3720,UNEXPLAINED
MEGASOFT,2025-09-15,1.4686,UNEXPLAINED
MELSTAR,2006-06-12,0.4560,UNEXPLAINED
MELSTAR,2008-02-29,0.5365,UNEXPLAINED
MELSTAR,2014-06-13,1.7045,UNEXPLAINED
MELSTAR,2016-03-10,1.5909,UNEXPLAINED
MENONBE,2015-04-09,0.2080,REVERTED
MEP,2024-03-13,0.5731,UNEXPLAINED
MEP,2026-06-17,0.0721,UNEXPLAINED
MERCATOR,2020-08-18,1.7500,UNEXPLAINED
METKORE,2017-11-14,0.5122,UNEXPLAINED
MFML,2025-09-08,0.5330,UNEXPLAINED_KITE_FLAT
MIC,2018-07-24,0.4790,UNEXPLAINED
MIC,2019-06-25,0.5357,UNEXPLAINED
MICEL,2022-03-29,0.5171,UNEXPLAINED
MICEL,2023-10-03,1.5694,UNEXPLAINED
MID-DAY,2008-02-29,0.6064,UNCONFIRMED_RATIO
MID-DAY,2009-08-21,1.5276,REVERTED
MID-DAY,2011-02-04,0.1987,UNCONFIRMED_RATIO
MINDACORP,2013-03-01,6.8600,UNEXPLAINED_KITE_FLAT
MINDAIND,2016-09-12,0.1910,UNEXPLAINED
MINDAIND,2018-07-11,0.3356,UNCONFIRMED_RATIO
MINDAIND,2022-07-07,0.5123,UNEXPLAINED
MINDTECK,2018-07-24,0.6224,UNEXPLAINED_KITE_FLAT
MINDTECK,2022-03-29,0.5676,UNEXPLAINED_KITE_FLAT
MIRCELECTR,2020-08-18,1.6000,UNEXPLAINED
MIRZAINT,2023-04-18,0.1645,REVERTED
MITTAL,2022-03-29,0.6482,UNEXPLAINED_KITE_FLAT
MKPL,2025-01-27,0.4526,UNEXPLAINED_KITE_FLAT
MLL,2006-02-02,0.3916,UNEXPLAINED
MMWL,2014-10-10,1.7778,UNEXPLAINED
MMWL,2026-04-20,1.8017,UNEXPLAINED
MOHITIND,2021-02-02,1.8169,UNEXPLAINED_KITE_FLAT
MOHITIND,2025-05-05,0.5433,UNEXPLAINED_KITE_FLAT
MOHOTAIND,2021-04-27,0.5394,UNEXPLAINED
MORAREALTY,2005-11-25,2.0980,UNEXPLAINED
MORARJEE,2022-06-21,0.6209,UNEXPLAINED
MORARJEE,2026-06-17,0.2843,UNEXPLAINED
MOREPENHTL,2006-09-25,1.3940,UNEXPLAINED
MOREPENLAB,2006-06-12,0.6402,UNEXPLAINED_KITE_FLAT
MOREPENLAB,2007-06-08,1.6107,UNEXPLAINED_KITE_FLAT
MOREPENLAB,2008-02-29,0.4861,UNEXPLAINED_KITE_FLAT
MOSERBAER,2018-05-02,0.5130,UNEXPLAINED
MOTOGENFIN,2005-02-28,0.5206,REVERTED
MOTOGENFIN,2005-03-01,2.0144,UNCONFIRMED_RATIO
MOTOGENFIN,2006-06-12,2.7653,UNEXPLAINED
MOTOGENFIN,2017-08-23,0.6335,UNEXPLAINED_KITE_FLAT
MPHASISBFL,2005-11-11,0.5029,UNCONFIRMED_RATIO
MRO-TEK,2005-07-08,1.4269,UNEXPLAINED
MRO-TEK,2020-05-12,0.5870,UNEXPLAINED
MSKPROJ,2007-12-03,1.4020,UNEXPLAINED
MSPL,2024-03-26,2.2869,UNEXPLAINED_KITE_FLAT
MTEDUCARE,2026-06-17,0.2717,UNEXPLAINED
MTNL,2019-12-10,1.3652,UNEXPLAINED_KITE_FLAT
MUDRA,2013-03-01,0.6216,UNEXPLAINED
MUKANDENGG,2006-06-12,0.5570,UNEXPLAINED
MUKANDENGG,2008-02-29,0.4896,UNEXPLAINED
MUKTAARTS,2006-08-28,1.3507,UNEXPLAINED_KITE_FLAT
MUKTAARTS,2007-06-08,1.5511,UNEXPLAINED_KITE_FLAT
MUNDRAPORT,2010-09-23,0.1978,UNCONFIRMED_RATIO
MVL,2009-06-12,1.8828,UNEXPLAINED
MVL,2012-12-03,0.5604,UNEXPLAINED
NAGAFERT,2021-10-12,0.5561,UNEXPLAINED
NAGAFERT,2025-07-21,1.5059,UNCONFIRMED_RATIO
NAGARCONST,2005-08-24,0.2115,UNEXPLAINED
NAGARCONST,2006-09-20,0.5061,UNCONFIRMED_RATIO
NAGAROIL,2012-04-03,1.3694,REVERTED
NAGPURENG,2006-06-12,0.3562,UNEXPLAINED
NAGREEKCAP,2022-01-10,2.3265,UNEXPLAINED_KITE_FLAT
NAGREEKEXP,2024-03-18,0.5460,UNEXPLAINED_KITE_FLAT
NAHARINDUS,2009-06-12,1.3665,UNEXPLAINED_KITE_FLAT
NAHARSPING,2021-10-18,1.5544,UNEXPLAINED_KITE_FLAT
NAKODA,2016-03-09,0.6364,UNEXPLAINED
NAKODA,2017-11-22,1.8000,UNEXPLAINED
NANDAN,2008-02-29,0.4562,UNEXPLAINED
NARMADA,2024-10-08,0.5606,UNEXPLAINED_KITE_FLAT
NATNLSTEEL,2019-12-23,0.6032,UNCONFIRMED_RATIO
NATNLSTEEL,2020-04-13,0.5238,REVERTED
NATNLSTEEL,2020-08-18,2.2727,UNEXPLAINED
NATNLSTEEL,2020-11-10,0.6067,UNCONFIRMED_RATIO
NAVBARFERO,2005-08-24,0.2082,UNEXPLAINED
NAVNETPUBL,2006-09-27,0.1864,UNEXPLAINED
NAVNETPUBL,2009-09-08,0.4349,UNEXPLAINED
NBIFIN,2025-03-10,0.6456,UNEXPLAINED_KITE_FLAT
NBVENTURES,2016-09-01,0.4784,UNEXPLAINED
NDGL,2025-02-24,0.5885,UNEXPLAINED_KITE_FLAT
NDL,2021-07-20,1.4743,UNEXPLAINED_KITE_FLAT
NECLIFE,2026-02-24,0.5841,UNEXPLAINED_KITE_FLAT
NEHAINT,2011-12-02,0.4421,REVERTED
NEHAINT,2012-06-15,0.6171,UNEXPLAINED
NELCO,2008-02-29,0.5586,UNEXPLAINED_KITE_FLAT
NELCO,2014-06-30,1.3594,UNEXPLAINED_KITE_FLAT
NELCO,2018-07-24,1.3711,UNEXPLAINED_KITE_FLAT
NEOCURE,2009-11-20,0.6114,UNEXPLAINED
NEOCURTHER,2006-06-12,0.5714,UNEXPLAINED
NEOCURTHER,2006-11-24,1.8000,REVERTED
NEOCURTHER,2007-12-03,2.4615,REVERTED
NEPCMICON,2008-02-29,0.5641,UNEXPLAINED
NETFINCO,2008-02-29,0.5874,UNEXPLAINED
NETFNV20,2019-12-19,0.1026,UNEXPLAINED
NETFPHARMA,2026-06-29,1.8151,UNEXPLAINED
NEXTMEDIA,2014-08-06,2.0000,UNCONFIRMED_RATIO
NEXTMEDIA,2018-07-24,1.4044,UNEXPLAINED_KITE_FLAT
NEXTMEDIA,2020-08-18,1.3933,UNEXPLAINED_KITE_FLAT
NEXTMEDIA,2020-10-12,0.5556,UNEXPLAINED_KITE_FLAT
NEXTMEDIA,2022-03-29,0.4795,UNEXPLAINED_KITE_FLAT
NEXTMEDIA,2025-03-03,0.6328,UNEXPLAINED_KITE_FLAT
NGCT,2015-09-08,0.5600,UNEXPLAINED
NGIL,2022-03-29,2.0806,UNEXPLAINED_KITE_FLAT
NIBL,2014-06-13,1.8974,UNEXPLAINED_KITE_FLAT
NICCO,2015-09-23,0.6364,REVERTED
NICCOCORP,2005-07-08,1.7407,UNEXPLAINED
NIITLTD,2007-08-24,0.1406,UNEXPLAINED_KITE_FLAT
NIITLTD,2023-06-22,0.2131,UNEXPLAINED_KITE_FLAT
NINSYS,2026-06-17,1.4046,UNEXPLAINED_KITE_FLAT
NIPPOBATRY,2023-12-26,1.7365,UNEXPLAINED_KITE_FLAT
NIRMA,2007-03-14,0.5234,UNEXPLAINED
NISSAN,2010-02-19,0.3660,UNEXPLAINED
NITCO,2014-06-30,1.3973,UNEXPLAINED_KITE_FLAT
NITCO,2024-06-18,3.0700,UNEXPLAINED_KITE_FLAT
NITINFIRE,2018-07-24,0.5000,UNCONFIRMED_RATIO
NITINSPIN,2021-02-02,1.5930,UNEXPLAINED_KITE_FLAT
NITIRAJ,2024-01-31,1.4168,UNEXPLAINED_KITE_FLAT
NITIRAJ,2025-06-17,0.5578,UNEXPLAINED_KITE_FLAT
NIVINFRA,2026-06-29,8.5000,UNEXPLAINED
NKIND,2019-12-23,0.5141,UNEXPLAINED_KITE_FLAT
NOESISIND,2016-06-07,1.6667,UNCONFIRMED_RATIO
NOIDATOLL,2025-10-13,0.2460,UNEXPLAINED_KITE_FLAT
NORBTEAEXP,2006-06-12,0.5635,UNEXPLAINED_KITE_FLAT
NORBTEAEXP,2019-01-08,0.5000,UNCONFIRMED_RATIO
NORBTEAEXP,2020-11-10,1.5794,UNEXPLAINED_KITE_FLAT
NORBTEAEXP,2026-04-13,4.2168,UNEXPLAINED_KITE_FLAT
NOVAPETRO,2007-03-02,0.6494,UNEXPLAINED
NOVAPETRO,2008-02-29,0.5719,UNEXPLAINED
NOVAPETRO,2009-06-12,1.3778,UNEXPLAINED
NOVARTIND,2026-04-20,1.4808,REAL
NOVOPANIND,2009-06-12,1.4903,UNCONFIRMED_RATIO
NRC,2006-06-12,0.4856,UNEXPLAINED
NTL,2020-03-04,0.2432,REVERTED
NTL,2020-08-18,2.2857,UNEXPLAINED
NUCENT,2005-11-25,0.6337,UNEXPLAINED
NUCENT,2011-09-19,1.3824,REVERTED
NUCENT,2012-12-04,1.7917,UNEXPLAINED
NUCENT,2013-06-14,2.4672,UNCONFIRMED_RATIO
NUCHEM,2005-07-08,2.0482,UNEXPLAINED
NUCHEM,2008-02-29,3.3467,UNEXPLAINED
NUCHEM,2009-08-21,0.6471,UNEXPLAINED
NUMERICPW,2009-10-14,0.5096,UNEXPLAINED
NURECA,2025-03-25,0.5789,UNEXPLAINED
NURECA,2025-07-14,1.3813,UNEXPLAINED
NUTEK,2012-09-10,1.3750,REVERTED
NV20,2026-07-02,856.7477,UNEXPLAINED_KITE_FLAT
NV20,2026-07-09,0.0012,UNEXPLAINED_KITE_FLAT
NV20IETF,2024-03-01,0.1016,UNEXPLAINED_KITE_FLAT
NXTDIGITAL,2022-12-06,0.2683,UNEXPLAINED
OCCL,2024-07-15,0.3705,UNEXPLAINED
OCL,2005-08-02,0.2295,UNEXPLAINED
ODIGMA,2025-09-09,0.5373,UNEXPLAINED_KITE_FLAT
ODIGMA,2025-12-29,0.5655,UNEXPLAINED_KITE_FLAT
OENCONNECT,2007-08-31,1.4636,UNEXPLAINED
OILCOUNTUB,2006-06-12,0.5129,UNEXPLAINED
OILCOUNTUB,2007-06-08,1.5636,UNEXPLAINED
OILCOUNTUB,2007-12-03,1.3502,UNEXPLAINED
OILCOUNTUB,2020-03-04,0.5000,UNCONFIRMED_RATIO
OILCOUNTUB,2021-03-08,0.6357,UNEXPLAINED
OILCOUNTUB,2022-01-04,1.4925,UNCONFIRMED_RATIO
OILCOUNTUB,2022-09-28,1.8773,UNEXPLAINED
OILCOUNTUB,2025-02-03,1.8846,UNEXPLAINED
OISL,2009-08-21,2.0769,UNEXPLAINED
OISL,2019-09-17,2.2766,UNEXPLAINED
OLECTRA,2022-01-04,3.3425,UNEXPLAINED_KITE_FLAT
OMAXE,2008-01-23,1.3996,REAL
OMINFRAL,2024-02-19,2.8840,UNEXPLAINED_KITE_FLAT
OMKARCHEM,2017-06-27,0.4010,UNCONFIRMED_RATIO
OMKARCHEM,2019-12-23,0.5290,UNEXPLAINED
OMKARCHEM,2020-08-18,2.1228,UNEXPLAINED
OMKARCHEM,2026-06-29,0.1353,UNEXPLAINED
ONELIFECAP,2018-07-24,0.6262,UNEXPLAINED
ONELIFECAP,2024-11-11,0.5648,UNEXPLAINED
ONEPOINT,2021-10-12,1.9577,UNEXPLAINED_KITE_FLAT
ONEPOINT,2022-01-04,1.3995,UNEXPLAINED_KITE_FLAT
ONEPOINT,2023-11-20,2.1739,UNEXPLAINED_KITE_FLAT
OPTIEMUS,2018-05-02,3.6179,UNEXPLAINED_KITE_FLAT
OPTIEMUS,2018-10-31,0.3812,UNEXPLAINED_KITE_FLAT
OPTIEMUS,2019-12-10,0.6110,UNEXPLAINED_KITE_FLAT
OPTIEMUS,2021-10-12,2.8208,UNEXPLAINED_KITE_FLAT
OPTOCIRCUI,2013-05-31,0.6230,UNEXPLAINED
OPTOCIRCUI,2020-08-18,2.2222,UNEXPLAINED
ORBITCORP,2009-02-06,1.4010,UNEXPLAINED
ORCHIDCHEM,2008-03-17,0.6142,UNEXPLAINED
ORCHPHARMA,2022-01-10,0.5343,UNEXPLAINED_KITE_FLAT
ORCHPHARMA,2023-10-03,1.7374,UNEXPLAINED_KITE_FLAT
ORGINFO,2008-12-01,0.3881,UNEXPLAINED
ORIENTABRA,2009-08-12,0.5023,UNCONFIRMED_RATIO
ORIENTABRA,2011-11-25,0.2908,UNEXPLAINED
ORIENTALTL,2014-08-06,1.6579,UNCONFIRMED_RATIO
ORIENTALTL,2016-03-10,1.5833,UNEXPLAINED_KITE_FLAT
ORIENTPPR,2013-03-21,0.1136,REVERTED
ORIENTPPR,2014-06-13,1.4268,UNEXPLAINED_KITE_FLAT
ORIENTPPR,2018-01-25,0.2747,UNEXPLAINED_KITE_FLAT
ORIENTPRES,2006-06-16,0.5894,REVERTED
ORIENTPRES,2006-11-27,1.5407,UNEXPLAINED
ORTEL,2018-10-16,0.6398,UNEXPLAINED
ORTEL,2019-06-25,0.4872,UNEXPLAINED
ORTEL,2026-06-17,1.5333,UNEXPLAINED
ORTINGLOBE,2025-11-10,0.6412,UNEXPLAINED_KITE_FLAT
ORTINLABSS,2020-05-27,0.5330,UNEXPLAINED
ORTINLABSS,2020-08-18,1.3625,UNEXPLAINED
OSIAHYPER,2023-10-16,1.5785,UNEXPLAINED
OSIAHYPER,2025-02-24,0.3921,UNEXPLAINED
OSIAHYPER,2026-06-17,0.6257,UNEXPLAINED
OSWALMIN,2011-05-25,0.2322,UNEXPLAINED
OSWALMIN,2011-09-06,0.3400,UNEXPLAINED
OSWALSEEDS,2025-03-10,0.6323,UNEXPLAINED_KITE_FLAT
PAEL,2018-05-02,0.3376,UNCONFIRMED_RATIO
PAEL,2022-03-11,3.1081,UNEXPLAINED
PALREDTEC,2021-04-27,3.9023,UNEXPLAINED_KITE_FLAT
PALREDTEC,2022-03-29,0.5312,UNEXPLAINED_KITE_FLAT
PALREDTEC,2024-12-31,0.6292,UNEXPLAINED_KITE_FLAT
PALREDTEC,2025-09-15,0.6385,UNEXPLAINED_KITE_FLAT
PALREDTEC,2025-12-02,0.6344,UNEXPLAINED_KITE_FLAT
PANACEABIO,2024-12-31,1.4343,UNEXPLAINED_KITE_FLAT
PANACHE,2025-09-08,2.0921,UNEXPLAINED
PANASONIC,2014-08-06,2.2949,UNEXPLAINED
PANCHSHEEL,2012-11-09,1.4294,UNEXPLAINED
PANSARI,2023-12-04,0.6176,UNEXPLAINED_KITE_FLAT
PANTALOONR,2006-12-12,0.1978,UNCONFIRMED_RATIO
PAPERPROD,2007-05-25,0.1990,UNCONFIRMED_RATIO
PAR,2025-10-27,0.5500,UNEXPLAINED
PARABDRUGS,2013-06-14,0.5906,UNEXPLAINED
PARACABLES,2014-08-06,1.6154,UNEXPLAINED
PARACABLES,2021-10-12,0.6128,UNEXPLAINED_KITE_FLAT
PARACABLES,2023-02-28,1.7275,UNEXPLAINED_KITE_FLAT
PARAPRINT,2015-12-15,0.6250,UNEXPLAINED
PARASPETRO,2005-10-26,0.1140,UNEXPLAINED
PARASPETRO,2024-12-30,10.2667,UNEXPLAINED_KITE_FLAT
PAREKHPLAT,2006-06-12,0.3915,UNEXPLAINED
PAREKHPLAT,2008-02-29,0.5469,UNEXPLAINED
PARRYSUGAR,2011-06-17,0.6490,UNEXPLAINED
PARRYSUGAR,2013-04-15,0.4419,UNEXPLAINED
PARSVNATH,2020-08-18,1.5854,UNEXPLAINED
PARSVNATH,2022-03-29,0.6004,UNCONFIRMED_RATIO
PARSVNATH,2026-06-17,0.3643,UNEXPLAINED
PASUPATI,2006-11-24,0.6235,UNEXPLAINED
PATELENG,2023-08-16,2.1054,UNEXPLAINED_KITE_FLAT
PATSPINLTD,2008-02-29,0.5919,UNCONFIRMED_RATIO
PATSPINLTD,2020-03-04,0.3796,UNEXPLAINED
PATSPINLTD,2021-07-20,1.5083,UNCONFIRMED_RATIO
PAVCI,2006-06-12,0.6372,UNEXPLAINED
PBAINFRA,2012-06-15,0.6376,UNEXPLAINED
PBAINFRA,2014-08-06,1.3556,UNEXPLAINED
PBAINFRA,2021-06-07,1.7830,UNEXPLAINED
PCJEWELLER,2018-05-04,1.4380,REVERTED
PCJEWELLER,2018-05-07,1.3756,REVERTED
PDPL,2021-10-11,0.4907,UNEXPLAINED
PDUMJEAGRO,2008-03-11,0.2101,UNEXPLAINED
PDUMJEIND,2016-02-26,0.6218,UNEXPLAINED
PDUMJEPULP,2008-02-29,0.6041,REVERTED
PDUMJEPULP,2009-03-23,0.2104,UNEXPLAINED
PDUMJEPULP,2016-02-25,0.4082,UNEXPLAINED
PEACOCKIND,2006-06-12,0.3750,UNEXPLAINED
PEACOCKIND,2008-03-03,0.5273,UNEXPLAINED
PEACOCKIND,2009-08-21,1.5000,UNCONFIRMED_RATIO
PEARLPOLY,2014-06-13,1.8540,UNEXPLAINED
PEARLPOLY,2018-05-02,0.5323,UNEXPLAINED_KITE_FLAT
PEARLPOLY,2020-03-04,1.3550,UNEXPLAINED_KITE_FLAT
PEL,2022-08-30,0.5521,UNEXPLAINED
PENINLAND,2008-01-23,1.3885,REAL
PENTACOMMU,2006-06-12,0.4792,UNEXPLAINED
PENTSFWARE,2006-06-12,0.6061,UNCONFIRMED_RATIO
PEPL,2006-08-29,0.3410,UNEXPLAINED
PEPL,2007-12-03,1.4667,UNEXPLAINED
PEPL,2008-02-29,0.4453,UNEXPLAINED
PEPL,2008-12-01,0.5521,UNEXPLAINED
PEPL,2009-08-21,1.4211,UNEXPLAINED
PERLENGINF,2005-09-23,0.0955,UNEXPLAINED
PETRONENGG,2008-12-01,0.4214,UNEXPLAINED
PETRONENGG,2010-02-19,1.4124,UNEXPLAINED
PETRONENGG,2018-07-24,0.3314,UNCONFIRMED_RATIO
PETRONENGG,2018-10-16,0.5996,UNCONFIRMED_RATIO
PHILCORP,2006-06-12,0.2793,UNEXPLAINED
PHILIPCARB,2006-06-12,0.5587,UNEXPLAINED
PHILIPCARB,2006-11-24,2.6964,UNEXPLAINED
PHILIPCARB,2009-11-20,1.9288,UNEXPLAINED
PHILIPCARB,2018-04-19,0.2100,UNEXPLAINED
PIDILITIND,2005-09-20,0.1068,UNEXPLAINED_KITE_FLAT
PIGL,2025-12-08,1.7828,UNEXPLAINED_KITE_FLAT
PILANIINVS,2019-02-22,1.7898,UNEXPLAINED_KITE_FLAT
PILIND,2014-06-13,2.2353,UNEXPLAINED
PILITA,2022-03-29,0.5594,UNEXPLAINED_KITE_FLAT
PINCON,2026-06-29,0.3286,UNCONFIRMED_RATIO
PIONDIST,2013-03-01,1.3642,UNEXPLAINED
PIONDIST,2014-11-24,0.5362,UNEXPLAINED
PIRGLASS,2010-02-19,1.8095,UNEXPLAINED
PIRLIFE,2009-06-12,1.4640,UNEXPLAINED
PIRLIFE,2012-01-06,0.0790,REVERTED
PIRLIFE,2012-12-03,1.4681,UNEXPLAINED
PIRLIFE,2013-03-01,0.6415,UNEXPLAINED
PITTILAM,2015-04-16,0.5174,UNEXPLAINED
PNB,2017-10-25,1.4620,REAL
PNBGILTS,2008-12-01,0.6207,UNEXPLAINED_KITE_FLAT
POCHIRAJU,2018-05-02,0.5800,UNEXPLAINED
PODDARHOUS,2026-06-29,0.3256,UNEXPLAINED
POKARNA,2020-08-18,1.5436,UNEXPLAINED_KITE_FLAT
POLARIND,2007-12-03,0.6022,UNCONFIRMED_RATIO
POLARIND,2008-12-01,0.4432,UNEXPLAINED
POLARIND,2012-06-15,0.5914,UNCONFIRMED_RATIO
POLICYBZR,2026-09-24,0.6400,REAL
PONNIERODE,2006-06-12,0.5509,UNEXPLAINED_KITE_FLAT
PONNIERODE,2008-12-01,0.5471,UNEXPLAINED_KITE_FLAT
PONNIERODE,2014-06-13,1.3943,UNEXPLAINED_KITE_FLAT
PPAP,2013-09-02,0.5791,UNEXPLAINED
PRADIP,2013-12-02,0.5302,UNEXPLAINED
PRADIP,2014-03-03,0.6032,UNCONFIRMED_RATIO
PRADIP,2019-06-26,0.1910,REVERTED
PRADIP,2020-02-24,0.3913,UNEXPLAINED
PRADIP,2021-10-11,1.5385,UNEXPLAINED
PRAENG,2024-06-18,1.5236,UNEXPLAINED_KITE_FLAT
PRAJIND,2005-08-17,0.1050,UNEXPLAINED_KITE_FLAT
PRAKASH,2007-08-31,1.7581,UNEXPLAINED_KITE_FLAT
PRAKASHCON,2012-12-13,0.1041,UNEXPLAINED
PRAKASHCON,2013-06-14,0.0518,UNEXPLAINED
PRAKASHSTL,2019-01-08,0.4118,UNEXPLAINED
PRAKASHSTL,2020-08-18,3.8000,UNEXPLAINED_KITE_FLAT
PRAKASHSTL,2021-07-27,1.4000,UNEXPLAINED_KITE_FLAT
PRATIBHA,2026-06-29,0.3725,UNEXPLAINED
PRAXIS,2018-07-24,0.6453,UNEXPLAINED_KITE_FLAT
PRAXIS,2020-04-13,0.4101,UNEXPLAINED_KITE_FLAT
PRAXIS,2021-04-27,0.5848,UNEXPLAINED_KITE_FLAT
PRAXIS,2021-09-07,0.5665,UNEXPLAINED_KITE_FLAT
PRAXIS,2024-01-20,3.0533,REVERTED
PRAXIS,2024-03-13,0.4986,REVERTED
PRECOT,2021-02-02,3.1376,UNEXPLAINED_KITE_FLAT
PREMIER,2020-03-04,0.2500,UNCONFIRMED_RATIO
PREMIER,2020-08-24,2.0000,UNCONFIRMED_RATIO
PREMIER,2021-04-27,0.3838,UNEXPLAINED
PREMIER,2022-03-29,0.4636,UNEXPLAINED
PREMIER,2026-06-17,0.6316,UNEXPLAINED
PRICOL,2010-02-19,1.3931,UNEXPLAINED
PRITHVI,2014-11-24,0.2460,UNEXPLAINED
PRITHVISOF,2012-02-07,1.3660,UNEXPLAINED
PROINDIA,2021-11-22,9.9586,UNCONFIRMED_RATIO
PROSEED,2019-04-02,0.3913,UNEXPLAINED
PROSEED,2020-11-24,1.4000,UNEXPLAINED
PROVOGE,2018-02-07,0.6133,UNEXPLAINED
PROVOGE,2019-06-25,0.2740,UNEXPLAINED
PROVOGE,2019-09-17,0.4688,REVERTED
PROVOGUE,2006-11-24,2.1667,UNEXPLAINED
PROZONINTU,2020-05-27,1.7685,UNEXPLAINED
PROZONINTU,2022-03-29,0.6027,UNCONFIRMED_RATIO
PSL,2018-05-02,0.5926,UNCONFIRMED_RATIO
PSUBANK,2026-07-10,0.1037,UNEXPLAINED_KITE_FLAT
PTL,2013-11-05,1.4394,REAL
PTL,2017-04-11,0.3231,UNEXPLAINED_KITE_FLAT
PUNJLLOYD,2019-06-25,0.5833,UNEXPLAINED
PUNJLLOYD,2026-06-29,1.8750,UNEXPLAINED
PURVA,2008-10-24,0.5451,REAL
PVP,2009-06-12,2.2041,UNEXPLAINED
PVP,2022-01-04,1.5981,REVERTED
PVTBANIETF,2024-03-01,0.1023,UNEXPLAINED_KITE_FLAT
QGOLDHALF,2021-12-16,0.0202,UNEXPLAINED_KITE_FLAT
QUESS,2025-04-30,0.5472,UNEXPLAINED_KITE_FLAT
QUINTEGRA,2006-06-12,1.9178,UNEXPLAINED_KITE_FLAT
QUINTEGRA,2014-03-07,0.5455,REVERTED
QUINTEGRA,2026-06-29,4.4000,UNEXPLAINED_KITE_FLAT
RADAAN,2005-11-25,0.6477,UNEXPLAINED_KITE_FLAT
RADAAN,2021-04-27,0.5714,UNEXPLAINED_KITE_FLAT
RADAAN,2021-08-09,0.5143,REVERTED
RADAAN,2022-07-11,0.5263,UNEXPLAINED_KITE_FLAT
RADICO,2006-01-06,0.2059,UNEXPLAINED_KITE_FLAT
RAINBOWPAP,2018-05-02,0.5647,UNEXPLAINED
RAINCOM,2011-06-15,0.1898,UNEXPLAINED
RAIREKMOH,2012-12-04,2.0795,UNEXPLAINED
RAIREKMOH,2013-01-28,0.4835,UNEXPLAINED
RAIREKMOH,2014-04-15,0.3465,UNEXPLAINED
RAJESHEXPO,2005-09-09,0.2054,UNEXPLAINED
RAJESHEXPO,2008-01-29,0.1712,UNEXPLAINED
RAJESHEXPO,2026-06-17,0.3949,UNCONFIRMED_RATIO
RAJMET,2024-07-01,0.6112,UNEXPLAINED_KITE_FLAT
RAJPALAYAM,2026-04-20,2.5383,UNEXPLAINED
RAJRAYON,2017-06-14,1.5000,UNCONFIRMED_RATIO
RAJRILTD,2026-06-17,4.8800,UNEXPLAINED
RAJVIR,2026-06-29,0.1559,UNEXPLAINED
RAMANEWS,2010-02-19,0.6177,UNEXPLAINED_KITE_FLAT
RAMASTEEL,2021-10-12,2.0570,UNEXPLAINED
RAMCOIND,2009-11-20,0.0510,UNEXPLAINED_KITE_FLAT
RAMCOSYS,2012-03-02,1.4535,UNEXPLAINED_KITE_FLAT
RAMCOSYS,2014-03-03,1.7051,UNEXPLAINED_KITE_FLAT
RAMCOSYS,2014-10-10,1.4324,UNEXPLAINED_KITE_FLAT
RAMSARUP,2009-11-20,3.1746,UNEXPLAINED
RAMSARUP,2010-12-03,0.3807,REVERTED
RANASUG,2006-06-12,0.4881,UNEXPLAINED_KITE_FLAT
RANASUG,2008-12-01,0.4256,UNEXPLAINED_KITE_FLAT
RANASUG,2014-08-06,1.3966,UNEXPLAINED_KITE_FLAT
RANASUG,2020-11-10,1.4000,UNEXPLAINED_KITE_FLAT
RANBAXY,2005-07-25,0.4853,UNEXPLAINED
RANEENGINE,2010-06-11,1.5086,UNCONFIRMED_RATIO
RANEENGINE,2014-08-06,1.7544,UNEXPLAINED
RANEENGINE,2020-03-04,0.5013,UNCONFIRMED_RATIO
RASOYPR,2017-06-27,1.5000,UNCONFIRMED_RATIO
RASOYPR,2017-08-03,1.5000,UNCONFIRMED_RATIO
RBL,2009-06-12,1.4020,UNEXPLAINED
RBN,2013-11-29,1.9076,UNEXPLAINED
RBZJEWEL,2024-12-23,1.5349,UNEXPLAINED
RCOM,2017-12-20,1.3569,REVERTED
RCOM,2018-05-17,1.5619,UNEXPLAINED
RCOM,2020-11-10,1.7647,UNEXPLAINED
RCOM,2022-03-29,0.6118,UNEXPLAINED
RCOM,2026-06-17,0.3654,UNEXPLAINED
REFEX,2011-03-07,0.6298,UNEXPLAINED_KITE_FLAT
REFEX,2013-03-04,0.6316,UNEXPLAINED_KITE_FLAT
REFEX,2014-03-03,1.4062,UNEXPLAINED_KITE_FLAT
REFEX,2019-09-17,1.9962,REVERTED
REGENCERAM,2006-08-28,0.5359,UNEXPLAINED
REGENCERAM,2008-02-29,0.6201,UNEXPLAINED
REGENCERAM,2012-06-18,0.4153,UNEXPLAINED
REGENCERAM,2024-03-13,8.8947,REVERTED
REGENCERAM,2025-03-24,1.7647,UNEXPLAINED_KITE_FLAT
REISIXTEN,2014-03-03,0.5882,UNEXPLAINED
REISIXTEN,2014-08-06,0.4118,REVERTED
RELCAPITAL,2022-01-04,0.6235,UNEXPLAINED
RELCHEMQ,2024-03-26,0.6413,UNEXPLAINED_KITE_FLAT
RELCONS,2026-06-29,2.3499,UNEXPLAINED
RELINFRA,2026-06-29,0.1934,UNEXPLAINED
RELMEDIA,2010-10-05,1.3677,UNEXPLAINED
RELMEDIA,2013-03-01,0.6258,UNEXPLAINED
REMSONSIND,2006-06-14,0.3663,UNEXPLAINED_KITE_FLAT
REMSONSIND,2008-02-29,0.6418,UNEXPLAINED_KITE_FLAT
REMSONSIND,2024-04-23,2.6919,UNEXPLAINED_KITE_FLAT
RHFL,2020-08-18,1.8696,UNEXPLAINED
RHFL,2022-03-29,0.6098,UNEXPLAINED
RHFL,2023-12-11,1.3889,UNEXPLAINED
RHFL,2026-06-17,0.5325,UNEXPLAINED
RIIL,2009-04-08,1.4601,REVERTED
RKDL,2018-02-07,1.4561,UNEXPLAINED_KITE_FLAT
RKFORGE,2014-11-24,4.4841,UNEXPLAINED_KITE_FLAT
RMCL,2013-03-01,0.5408,UNEXPLAINED
RMCL,2014-06-30,8.4627,UNEXPLAINED
RMCL,2020-11-24,0.4672,UNEXPLAINED
RMCL,2026-06-29,80.0000,UNEXPLAINED
RMMIL,2014-08-06,1.8500,UNEXPLAINED
RNAVAL,2020-05-27,0.5882,UNEXPLAINED
RNAVAL,2020-08-18,1.7838,UNEXPLAINED
RNAVAL,2026-06-29,773.2632,UNEXPLAINED
RNBDENIMS,2026-05-19,0.1783,UNEXPLAINED
RNRL,2007-09-21,1.3530,REVERTED
ROHITFERRO,2018-10-16,0.6071,UNCONFIRMED_RATIO
ROHITFERRO,2020-03-04,0.1579,REVERTED
ROHITFERRO,2021-09-14,1.5000,REVERTED
ROHITFERRO,2022-03-29,4.6449,UNEXPLAINED
ROLLT,2020-11-10,1.4333,UNEXPLAINED
ROLLT,2022-03-29,0.4524,UNEXPLAINED
ROLLT,2025-09-09,0.5045,UNCONFIRMED_RATIO
ROLLT,2026-06-17,1.4714,UNEXPLAINED
ROLTA,2009-04-13,1.4307,UNEXPLAINED
ROLTA,2020-02-24,0.5528,UNEXPLAINED
ROLTA,2022-01-24,1.4804,UNCONFIRMED_RATIO
ROMAN,2008-02-29,0.6044,UNCONFIRMED_RATIO
ROML,2023-03-01,0.6330,UNEXPLAINED_KITE_FLAT
ROSSELLIND,2024-10-07,0.1603,REVERTED
ROSSTECH,2025-07-14,1.7052,UNEXPLAINED_KITE_FLAT
RPPINFRA,2024-06-24,2.3102,UNEXPLAINED_KITE_FLAT
RSSOFTWARE,2015-01-21,0.4839,REVERTED
RSSOFTWARE,2023-12-11,1.5859,UNEXPLAINED_KITE_FLAT
RSSOFTWARE,2025-10-06,0.5778,UNEXPLAINED_KITE_FLAT
RSWM,2009-06-12,1.4588,UNEXPLAINED_KITE_FLAT
RTNINDIA,2021-10-12,1.9426,UNEXPLAINED_KITE_FLAT
RTNINFRA,2018-02-07,0.5714,UNEXPLAINED
RTNINFRA,2020-08-18,3.5577,UNEXPLAINED
RTNPOWER,2021-10-12,0.4802,UNEXPLAINED_KITE_FLAT
RUCHI,2020-06-16,15.0505,UNEXPLAINED
RUCHINFRA,2005-07-08,0.0492,UNEXPLAINED
RUCHINFRA,2009-03-02,0.6419,UNEXPLAINED
RUCHINFRA,2009-08-21,2.7113,UNEXPLAINED
RUCHIRA,2011-03-07,0.6368,UNEXPLAINED_KITE_FLAT
S&SPOWER,2020-08-18,0.5214,UNEXPLAINED_KITE_FLAT
S&SPOWER,2021-04-27,1.8750,UNEXPLAINED_KITE_FLAT
S&SPOWER,2023-06-12,1.3963,REVERTED
S&SPOWER,2025-01-20,7.6600,UNEXPLAINED_KITE_FLAT
SABERORGAN,2006-06-12,0.4609,UNEXPLAINED
SABERORGAN,2008-02-29,0.6142,UNEXPLAINED
SABERORGAN,2008-12-01,0.4684,UNEXPLAINED
SABEVENTS,2018-05-02,0.4217,UNEXPLAINED
SABEVENTS,2020-08-18,1.9231,UNEXPLAINED
SABEVENTS,2021-10-12,2.2963,UNEXPLAINED
SABEVENTS,2022-03-29,1.6196,UNEXPLAINED
SABTN,2018-05-02,0.6163,UNEXPLAINED
SABTN,2019-06-25,0.6176,UNEXPLAINED
SABTN,2019-12-10,0.6250,UNEXPLAINED
SABTN,2020-09-16,0.6316,UNEXPLAINED
SABTNL,2025-01-13,11.6063,REVERTED
SADBHAV,2024-01-31,1.8148,UNEXPLAINED_KITE_FLAT
SADBHAV,2026-02-09,0.4744,UNEXPLAINED_KITE_FLAT
SADBHIN,2022-06-21,0.5407,UNEXPLAINED_KITE_FLAT
SADBHIN,2024-04-29,1.7284,UNEXPLAINED_KITE_FLAT
SADHNANIQ,2025-12-02,0.2300,UNEXPLAINED
SADHNANIQ,2026-02-18,0.2959,REVERTED
SAELTD,2005-07-08,2.2640,UNEXPLAINED
SAGARDEEP,2022-08-10,1.3894,REVERTED
SAHPETRO,2005-10-20,0.6021,UNCONFIRMED_RATIO
SAHPETRO,2009-03-02,0.4329,UNEXPLAINED
SAHPETRO,2013-08-30,0.3387,UNEXPLAINED
SAKAR,2022-09-13,1.4749,UNEXPLAINED_KITE_FLAT
SAKHTISUG,2008-12-01,0.3197,UNEXPLAINED_KITE_FLAT
SAKHTISUG,2009-11-20,1.5576,UNEXPLAINED_KITE_FLAT
SAKUMA,2025-08-04,0.4538,UNEXPLAINED_KITE_FLAT
SALASAR,2020-08-18,1.8165,UNEXPLAINED_KITE_FLAT
SALORAINTL,2014-08-06,1.9220,UNEXPLAINED
SALSTEEL,2014-08-06,1.9677,UNEXPLAINED
SALSTEEL,2021-10-12,2.1398,UNEXPLAINED_KITE_FLAT
SAMBHAAV,2014-06-30,1.8214,UNEXPLAINED
SAMTEL,2007-08-31,0.6192,REVERTED
SAMTEL,2008-12-01,0.3957,UNCONFIRMED_RATIO
SAMTEL,2009-08-21,2.0265,UNCONFIRMED_RATIO
SAMTEL,2012-06-18,0.2064,UNEXPLAINED
SAMTEL,2014-08-06,2.2273,UNEXPLAINED
SAMTEL,2016-05-10,0.6429,REVERTED
SANCO,2022-03-29,0.4732,UNEXPLAINED
SANCO,2026-06-29,0.3152,UNEXPLAINED
SANDESH,2006-06-12,0.5320,UNEXPLAINED_KITE_FLAT
SANGAMIND,2009-08-21,1.5325,UNEXPLAINED_KITE_FLAT
SANGHIIND,2015-02-23,2.2159,UNEXPLAINED
SANGHIPOLY,2008-02-29,0.6123,UNEXPLAINED
SANGHIPOLY,2009-06-12,1.3556,UNEXPLAINED
SANGHVIFOR,2014-08-06,2.4432,UNEXPLAINED
SANGHVIFOR,2021-04-27,0.5760,UNEXPLAINED
SANGINITA,2024-06-03,0.5564,UNEXPLAINED
SANGINITA,2026-06-17,2.4601,UNEXPLAINED
SANOFI,2024-06-28,0.6453,UNEXPLAINED_KITE_FLAT
SANWARIA,2026-06-17,0.1128,UNEXPLAINED
SAREGAMA,2006-06-12,0.6437,UNEXPLAINED_KITE_FLAT
SARVESHWAR,2024-01-01,1.3626,UNEXPLAINED_KITE_FLAT
SASTASUNDR,2017-08-23,0.5599,UNEXPLAINED
SATHAISPAT,2019-12-10,0.2026,UNCONFIRMED_RATIO
SATHAISPAT,2020-03-11,0.5682,UNEXPLAINED
SATYAMCOMP,2009-01-07,0.2249,REVERTED
SATYAMCOMP,2009-01-09,0.5901,REVERTED
SATYAMCOMP,2009-01-12,1.4484,REVERTED
SAVITACHEM,2007-01-17,0.5951,UNCONFIRMED_RATIO
SAYAJIHOTL,2026-04-22,2.6273,UNEXPLAINED
SB&TINTL,2006-06-12,0.4226,UNEXPLAINED
SB&TINTL,2008-02-29,0.4806,UNEXPLAINED
SB&TINTL,2011-09-06,1.6260,UNEXPLAINED
SCAPDVR,2018-05-02,0.4086,UNEXPLAINED
SCAPDVR,2019-06-25,0.5909,UNEXPLAINED
SCAPDVR,2020-05-27,1.5000,UNCONFIRMED_RATIO
SCAPDVR,2020-11-10,1.9286,UNEXPLAINED
SCAPDVR,2022-01-04,3.1159,UNEXPLAINED
SCHAND,2020-08-18,1.3642,UNEXPLAINED_KITE_FLAT
SCHENHERD,2006-06-12,0.5723,UNEXPLAINED
SCHNEIDER,2024-05-18,1.5907,UNEXPLAINED_KITE_FLAT
SCHNEIDER,2026-05-19,1.3611,UNEXPLAINED_KITE_FLAT
SCPL,2026-06-15,1.5502,UNEXPLAINED
SDBL,2020-06-16,0.4792,UNEXPLAINED_KITE_FLAT
SEARLEIND,2006-02-17,2.3524,UNEXPLAINED
SECURCRED,2026-06-29,0.1314,UNEXPLAINED
SEJALLTD,2024-10-01,1.3685,UNEXPLAINED_KITE_FLAT
SELAN,2008-12-01,0.4846,UNEXPLAINED
SELMC,2022-02-28,1.5496,UNEXPLAINED
SELMC,2023-07-03,0.3234,REVERTED
SELMC,2024-11-18,0.6366,UNEXPLAINED
SEMAC,2024-05-17,0.3668,REVERTED
SEPOWER,2021-07-20,1.4000,UNEXPLAINED
SEPOWER,2022-03-29,1.3937,UNEXPLAINED
SERVOTECH,2024-02-19,1.3859,UNEXPLAINED_KITE_FLAT
SESAGOA,2005-02-16,0.4941,UNCONFIRMED_RATIO
SESAGOA,2008-08-08,0.0532,UNEXPLAINED
SETFGOLD,2022-01-06,0.0099,UNEXPLAINED_KITE_FLAT
SETUINFRA,2021-04-27,0.5600,UNEXPLAINED
SETUINFRA,2022-03-29,1.7333,UNEXPLAINED
SETUINFRA,2026-06-17,0.1909,UNEXPLAINED
SEYAIND,2023-04-25,0.3028,UNEXPLAINED
SEYAIND,2026-06-17,0.5167,UNEXPLAINED
SEZAL,2012-06-15,0.5316,UNEXPLAINED
SEZALGLASS,2011-09-06,0.6471,UNEXPLAINED
SGFL,2007-12-03,1.4987,UNCONFIRMED_RATIO
SHAH,2024-12-23,0.6246,UNEXPLAINED_KITE_FLAT
SHAHALLOYS,2006-02-13,0.4868,UNEXPLAINED
SHAHALLOYS,2014-08-06,2.3647,UNEXPLAINED
SHAHALLOYS,2016-01-05,1.5407,UNEXPLAINED
SHAHALLOYS,2021-03-08,0.5726,UNEXPLAINED
SHAHALLOYS,2022-01-04,5.9153,UNCONFIRMED_RATIO
SHAHALLOYS,2025-02-03,0.6010,UNCONFIRMED_RATIO
SHAKTIPUMP,2021-02-02,1.7021,UNEXPLAINED_KITE_FLAT
SHAKTIPUMP,2024-07-29,1.7547,UNEXPLAINED_KITE_FLAT
SHALPAINTS,2011-09-06,0.4812,REVERTED
SHANKARA,2025-10-09,0.1471,UNEXPLAINED_KITE_FLAT
SHANTI,2024-08-26,0.5188,UNEXPLAINED_KITE_FLAT
SHASUNCHEM,2005-08-19,0.1993,UNCONFIRMED_RATIO
SHASUNPHAR,2012-06-15,1.3882,UNEXPLAINED
SHEMAROO,2025-06-30,1.5286,UNEXPLAINED_KITE_FLAT
SHILPI,2018-02-07,0.5044,UNCONFIRMED_RATIO
SHILPI,2018-07-24,0.2987,UNEXPLAINED
SHIRPUR-G,2019-12-18,0.4926,UNCONFIRMED_RATIO
SHLAKSHMI,2013-06-14,0.5094,UNEXPLAINED
SHLAKSHMI,2013-11-29,0.5097,UNEXPLAINED
SHLAKSHMI,2015-03-11,1.4848,UNCONFIRMED_RATIO
SHRADHA,2021-04-27,0.6361,UNEXPLAINED_BOTH_MOVE
SHREEASHTA,2013-03-01,0.5417,UNEXPLAINED
SHREEPUSHK,2024-12-02,1.3824,UNEXPLAINED_KITE_FLAT
SHREERAMA,2006-06-12,0.1921,UNEXPLAINED_KITE_FLAT
SHREERAMA,2016-05-23,1.4444,UNEXPLAINED_KITE_FLAT
SHREERAMA,2024-11-01,2.1377,REVERTED
SHRENIK,2022-03-29,0.5833,UNEXPLAINED
SHRENIK,2024-12-30,0.5909,UNEXPLAINED
SHRENUJ,2005-09-23,0.2103,UNEXPLAINED
SHRENUJ,2016-08-09,0.5500,UNEXPLAINED
SHREYANIND,2009-06-12,2.0469,UNEXPLAINED_KITE_FLAT
SHREYAS,2015-04-09,6.0240,UNCONFIRMED_RATIO
SHREYAS,2020-11-10,0.6106,UNEXPLAINED
SHREYASHIP,2005-11-25,1.4981,UNCONFIRMED_RATIO
SHRVINDPPR,2005-04-08,0.6066,UNCONFIRMED_RATIO
SHYAMCENT,2024-07-15,0.6178,UNEXPLAINED_KITE_FLAT
SHYAMTEL,2018-03-19,0.6071,REVERTED
SHYAMTEL,2021-06-14,1.4556,UNEXPLAINED_KITE_FLAT
SHYAMTEL,2021-10-12,0.6250,UNEXPLAINED_KITE_FLAT
SHYAMTEL,2022-06-21,0.5364,UNEXPLAINED_KITE_FLAT
SICAGEN,2009-08-21,2.4000,REVERTED
SICAGEN,2026-04-20,2.2402,REAL
SICAL,2014-08-06,1.3829,UNEXPLAINED
SICALLOG,2026-06-29,0.4777,UNEXPLAINED
SIEMENS,2025-04-07,0.5707,UNEXPLAINED_BOTH_MOVE
SIGMAADV,2026-05-25,1.4769,UNEXPLAINED
SIGROUPIND,2009-06-12,1.5063,UNCONFIRMED_RATIO
SIL,2007-03-02,1.3599,UNEXPLAINED
SIL,2008-02-29,0.4732,UNEXPLAINED
SIL,2024-03-11,0.5587,UNEXPLAINED_KITE_FLAT
SILLYMONKS,2023-02-28,0.5790,UNEXPLAINED
SILVER1,2026-02-27,0.1032,UNEXPLAINED_KITE_FLAT
SIMBHALS,2021-10-12,2.0676,UNEXPLAINED
SIMBHALS,2026-06-17,0.1967,UNEXPLAINED
SIMBHSUGAR,2008-12-01,0.3472,UNEXPLAINED
SIMBHSUGAR,2009-06-12,1.9743,UNCONFIRMED_RATIO
SIMPLEXINF,2022-06-21,0.6440,UNEXPLAINED_KITE_FLAT
SIMPLEXINF,2024-07-16,2.3987,UNEXPLAINED_KITE_FLAT
SINTEX,2005-10-10,0.1915,UNEXPLAINED
SINTEX,2017-05-25,0.2483,UNCONFIRMED_RATIO
SINTEX,2020-03-04,0.4375,UNEXPLAINED
SINTEX,2020-08-18,1.3929,UNEXPLAINED
SIRPAPER,2014-08-27,1.3833,UNEXPLAINED
SITASHREE,2016-05-23,1.9259,UNEXPLAINED
SITINET,2019-06-25,0.5684,UNEXPLAINED
SITINET,2020-03-04,0.3182,UNEXPLAINED
SITINET,2020-08-18,1.9444,UNEXPLAINED
SITINET,2021-07-20,1.3913,UNEXPLAINED
SITINET,2022-06-21,0.4769,UNEXPLAINED
SITINET,2026-06-17,0.4800,UNEXPLAINED
SKFINDIA,2025-10-31,0.4274,UNEXPLAINED_KITE_FLAT
SKIL,2019-06-25,0.5400,UNEXPLAINED
SKIL,2026-06-29,0.2794,UNEXPLAINED
SKMEGGPROD,2011-03-07,0.6406,UNEXPLAINED
SKSMICRO,2012-12-03,1.4758,UNEXPLAINED
SKUMARSYNF,2005-11-25,1.4389,UNEXPLAINED
SKUMARSYNF,2008-10-13,1.5300,UNEXPLAINED
SKYGOLD,2025-01-27,2.9010,UNEXPLAINED_KITE_FLAT
SMARTLINK,2025-02-24,0.6139,UNEXPLAINED
SMPL,2013-11-29,1.4211,UNEXPLAINED
SMPL,2014-08-06,2.1944,UNEXPLAINED
SMPL,2018-12-18,0.5833,UNEXPLAINED
SMZSCHEM,2006-08-29,0.2080,UNEXPLAINED
SMZSCHEM,2008-02-29,0.6341,UNEXPLAINED
SNOWCEMIND,2006-06-12,0.4248,UNEXPLAINED
SOFTPRO,2008-02-29,3.2013,UNEXPLAINED
SOFTSOLINT,2006-06-12,3.0483,UNEXPLAINED
SOFTSOLINT,2006-11-24,1.4008,UNEXPLAINED
SOFTTECH,2022-09-13,1.4243,UNEXPLAINED_KITE_FLAT
SOFTTECH,2026-06-17,1.3566,UNEXPLAINED_KITE_FLAT
SOFTTECHGR,2006-06-12,0.2595,UNEXPLAINED
SOFTTECHGR,2011-04-19,0.5962,UNCONFIRMED_RATIO
SOMATEX,2019-06-25,0.5700,UNEXPLAINED_KITE_FLAT
SOMATEX,2020-08-18,1.6000,UNEXPLAINED_KITE_FLAT
SOMATEX,2022-02-14,0.4542,UNEXPLAINED_KITE_FLAT
SOMATEX,2025-03-10,0.6313,UNEXPLAINED_KITE_FLAT
SOMATEX,2026-04-20,1.3566,UNEXPLAINED_KITE_FLAT
SOMICONVEY,2023-10-23,1.3607,REVERTED
SONAMCLOCK,2022-07-14,0.5093,UNEXPLAINED
SONASTEER,2006-09-14,0.5277,UNEXPLAINED
SONASTEER,2008-09-02,0.5284,REVERTED
SORILHOLD,2018-02-07,3.9991,UNCONFIRMED_RATIO
SOUISPAT,2015-01-06,0.4286,UNEXPLAINED
SPCENET,2018-09-17,0.6250,REVERTED
SPCENET,2019-04-02,1.8667,UNEXPLAINED_KITE_FLAT
SPCENET,2022-06-21,2.0769,UNEXPLAINED_KITE_FLAT
SPCENET,2022-09-13,3.5094,UNEXPLAINED_KITE_FLAT
SPCENET,2025-09-01,0.5243,REVERTED
SPECTACLE,2011-12-02,0.6088,UNCONFIRMED_RATIO
SPECTACLE,2014-08-06,2.5000,UNCONFIRMED_RATIO
SPECTACLE,2016-02-10,1.4211,UNEXPLAINED
SPENTEX,2014-03-03,0.5417,UNEXPLAINED
SPENTEX,2017-03-07,0.6179,UNEXPLAINED
SPENTEX,2026-06-29,17.6264,UNEXPLAINED
SPICETELE,2009-01-30,1.7302,REVERTED
SPICETELE,2009-02-02,1.7503,UNEXPLAINED
SPICETELE,2009-02-12,1.5235,UNEXPLAINED
SPMLINFRA,2014-08-06,1.4624,UNEXPLAINED
SPMLINFRA,2022-01-04,1.3875,UNEXPLAINED_KITE_FLAT
SPMLINFRA,2024-03-18,4.1529,UNEXPLAINED_KITE_FLAT
SPMLINFRA,2025-03-25,0.6291,UNEXPLAINED_KITE_FLAT
SPTL,2020-03-04,0.3889,UNEXPLAINED
SPTL,2020-08-18,2.8889,UNEXPLAINED
SPYL,2013-04-10,0.1016,UNEXPLAINED
SREINFRA,2021-10-12,0.5099,UNEXPLAINED
SRGINFOTEC,2006-06-12,0.2105,UNEXPLAINED
SRHHLINDST,2008-03-03,0.5171,UNEXPLAINED
SRIADIKARI,2006-06-12,0.1464,UNEXPLAINED
SRPL,2022-03-29,3.3106,UNEXPLAINED
SRPL,2024-08-26,0.3138,UNEXPLAINED
SRPL,2026-06-29,0.1935,UNEXPLAINED
STALLION,2025-07-21,1.5837,UNEXPLAINED
STALLION,2026-01-19,0.5766,UNEXPLAINED
STAMPEDE,2019-01-08,0.6216,UNEXPLAINED
STAMPEDE,2019-06-25,0.6207,UNEXPLAINED
STAR,2013-12-19,0.4236,UNEXPLAINED_KITE_FLAT
STAR,2024-12-20,0.4594,UNEXPLAINED_KITE_FLAT
STEELTUBES,2006-06-12,0.6207,UNEXPLAINED
STEELTUBES,2007-06-08,0.5714,UNEXPLAINED
STEELTUBES,2008-02-29,0.5581,UNEXPLAINED
STEELXIND,2020-08-18,1.4094,UNEXPLAINED_KITE_FLAT
STEL,2015-11-23,2.5818,UNEXPLAINED_KITE_FLAT
STER,2006-05-05,0.2075,UNEXPLAINED
STERLINBIO,2005-03-18,0.5075,UNCONFIRMED_RATIO
STERLINBIO,2014-06-30,1.4686,UNEXPLAINED
STERTOOLS,2017-01-09,0.2059,UNEXPLAINED_KITE_FLAT
STINDIA,2010-12-03,2.8723,UNEXPLAINED
STINDIA,2013-03-01,0.5645,UNEXPLAINED
STINDIA,2017-03-07,0.5911,UNCONFIRMED_RATIO
STLTECH,2026-06-17,1.5219,UNCONFIRMED_RATIO
STOREONE,2012-06-15,1.8255,UNEXPLAINED
STOREONE,2013-03-01,0.6342,UNEXPLAINED
STRTECH,2008-01-23,1.4268,UNEXPLAINED
STRTECH,2010-03-09,0.2042,UNEXPLAINED
SUBCAPCITY,2022-12-06,0.6419,UNEXPLAINED
SUBEX,2006-01-05,0.5059,UNCONFIRMED_RATIO
SUBEX,2009-08-21,1.5268,UNEXPLAINED
SUBEX,2020-08-18,1.3727,UNEXPLAINED
SUBROS,2011-11-23,0.5316,UNEXPLAINED_KITE_FLAT
SUDAR,2015-09-08,0.6389,UNEXPLAINED
SUDARSCHEM,2009-11-20,1.5477,UNEXPLAINED_KITE_FLAT
SUJANATOW,2013-03-01,0.4342,UNEXPLAINED
SUMEETINDS,2018-10-16,0.4703,UNEXPLAINED
SUMEETINDS,2021-10-12,3.3462,UNEXPLAINED
SUMEETINDS,2024-07-19,0.5103,REVERTED
SUMEETINDS,2025-07-03,24.4641,REVERTED
SUMEETINDS,2025-10-06,1.6317,UNEXPLAINED_KITE_FLAT
SUMIT,2020-08-18,0.5112,UNEXPLAINED_KITE_FLAT
SUMIT,2023-05-23,2.2733,UNEXPLAINED_KITE_FLAT
SUMIT,2025-02-17,1.3505,UNEXPLAINED_KITE_FLAT
SUMMIT,2009-08-21,1.7500,UNEXPLAINED
SUMMITSEC,2014-06-30,1.8111,UNEXPLAINED_KITE_FLAT
SUPERSPIN,2018-07-24,0.3979,UNCONFIRMED_RATIO
SUPERSPIN,2021-10-12,2.1917,UNEXPLAINED
SUPERSPIN,2022-06-21,0.5912,UNCONFIRMED_RATIO
SUPRAJIT,2010-06-11,0.1060,UNEXPLAINED_KITE_FLAT
SUPREMEINF,2014-05-23,1.6004,UNEXPLAINED_KITE_FLAT
SUPREMEINF,2021-11-09,2.2353,UNEXPLAINED_KITE_FLAT
SUPREMEINF,2022-03-29,0.5865,UNEXPLAINED_KITE_FLAT
SUPREMEINF,2026-05-05,3.5409,UNEXPLAINED_KITE_FLAT
SUPREMETEX,2015-02-23,0.4387,UNEXPLAINED
SUPREMETEX,2017-03-07,0.6446,UNEXPLAINED
SURANACORP,2016-05-23,0.6176,UNEXPLAINED
SURANAT&P,2010-08-17,0.3341,UNEXPLAINED_BOTH_MOVE
SURANAT&P,2014-08-06,1.3731,UNEXPLAINED_KITE_FLAT
SURANATELE,2005-02-24,0.5059,UNCONFIRMED_RATIO
SURANAVEL,2014-09-09,2.4200,UNEXPLAINED
SURYAJYOTI,2008-08-22,0.6427,UNEXPLAINED
SURYAJYOTI,2012-06-15,0.5531,UNEXPLAINED
SURYALAXMI,2010-06-11,1.3942,UNEXPLAINED_KITE_FLAT
SURYALAXMI,2021-10-12,1.3657,UNEXPLAINED_KITE_FLAT
SURYAPHARM,2013-06-14,0.4706,UNEXPLAINED
SUTLEJINDS,2006-06-12,0.3943,UNCONFIRMED_RATIO
SUTLEJTEX,2009-11-20,1.5467,UNEXPLAINED_KITE_FLAT
SUULD,2021-04-27,1.4988,UNCONFIRMED_RATIO
SUULD,2026-06-29,0.2740,UNEXPLAINED
SUVEN,2007-03-23,0.2589,UNEXPLAINED_KITE_FLAT
SUVEN,2008-02-29,0.6165,UNEXPLAINED_KITE_FLAT
SUVEN,2020-02-03,0.0894,REVERTED
SUVENPHAR,2020-09-25,0.5194,UNEXPLAINED
SUZLON,2008-10-24,0.6046,REAL
SUZLON,2021-02-02,2.2623,UNEXPLAINED_KITE_FLAT
SUZLON,2024-01-15,1.5859,UNEXPLAINED_KITE_FLAT
SVOGL,2016-08-23,0.5200,UNEXPLAINED
SVPGLOB,2025-07-14,0.4755,UNEXPLAINED_KITE_FLAT
SVPGLOB,2026-03-30,0.3251,UNEXPLAINED_KITE_FLAT
SWANENERGY,2014-02-03,0.5306,UNEXPLAINED
SWARAJENG,2005-08-12,0.3435,UNEXPLAINED_KITE_FLAT
SWELECTES,2012-07-17,0.5204,UNEXPLAINED_KITE_FLAT
SYNCOM,2019-12-23,0.2727,UNEXPLAINED
SYNCOM,2020-08-24,2.2353,UNEXPLAINED
TAINWALCHM,2006-06-12,0.6276,UNEXPLAINED_BOTH_MOVE
TAINWALCHM,2018-07-24,0.6197,UNEXPLAINED_KITE_FLAT
TAINWALCHM,2024-10-07,1.4365,UNEXPLAINED_KITE_FLAT
TALWALKARS,2018-04-12,0.4484,REVERTED
TANLA,2014-08-06,1.4520,UNEXPLAINED_KITE_FLAT
TARACHAND,2024-07-16,1.4008,UNEXPLAINED_KITE_FLAT
TARAPUR,2021-05-06,0.6415,UNEXPLAINED_KITE_FLAT
TARAPUR,2025-08-11,4.8673,UNEXPLAINED_KITE_FLAT
TARMAT,2014-09-09,2.8153,UNEXPLAINED
TARMAT,2024-07-22,0.5405,UNEXPLAINED_KITE_FLAT
TATACHEM,2020-03-04,0.4347,REAL
TATAMETALI,2013-11-29,1.4345,UNEXPLAINED
TATAMOTORS,2011-09-12,0.1913,UNEXPLAINED
TATAMOTORS,2019-10-29,1.3595,UNEXPLAINED
TATAMOTORS,2025-10-14,0.5985,UNCONFIRMED_RATIO
TATAMTRDVR,2019-10-29,1.3762,UNEXPLAINED
TATATEA,2010-06-30,0.1018,UNEXPLAINED
TCIFINANCE,2006-06-12,0.6276,UNEXPLAINED_KITE_FLAT
TCIFINANCE,2011-09-06,0.5683,UNEXPLAINED_KITE_FLAT
TCIFINANCE,2012-06-15,1.4261,UNEXPLAINED_KITE_FLAT
TCIFINANCE,2026-03-30,0.5841,UNEXPLAINED_KITE_FLAT
TCLCONS,2024-04-22,1.4139,UNEXPLAINED
TECHIN,2018-02-07,1.4155,UNEXPLAINED
TECHIN,2018-09-18,0.6170,UNEXPLAINED
TECHIN,2019-12-10,0.6235,UNEXPLAINED
TECHIN,2020-04-13,0.6271,REVERTED
TECHIN,2020-08-18,1.8649,UNEXPLAINED
TECHNOFAB,2020-03-04,0.4009,UNCONFIRMED_RATIO
TECILCHEM,2025-01-06,0.6374,UNEXPLAINED_KITE_FLAT
TECILCHEM,2025-07-14,0.3672,REVERTED
TECPRO,2014-08-06,1.4396,UNEXPLAINED
TEJASNET,2020-08-18,1.4087,UNEXPLAINED_KITE_FLAT
TEJASNET,2021-09-13,2.4170,UNEXPLAINED_KITE_FLAT
TELEDATAIT,2012-02-28,1.5000,UNCONFIRMED_RATIO
TEMBO,2025-08-25,1.5978,UNEXPLAINED_KITE_FLAT
TERASOFT,2026-01-27,2.1872,UNEXPLAINED_KITE_FLAT
TEXMACOLTD,2009-01-01,0.1033,UNEXPLAINED
TEXMACOLTD,2010-11-15,0.4007,REVERTED
TFL,2008-02-29,0.5576,UNEXPLAINED_KITE_FLAT
TFL,2016-04-06,0.5816,UNEXPLAINED_KITE_FLAT
TFL,2017-08-23,0.5316,UNEXPLAINED_KITE_FLAT
TFL,2020-03-04,0.5565,UNEXPLAINED_KITE_FLAT
TFL,2020-08-18,1.5455,UNEXPLAINED_KITE_FLAT
TFL,2021-07-20,1.5974,UNEXPLAINED_KITE_FLAT
TFL,2022-01-04,1.5664,UNEXPLAINED_KITE_FLAT
TGBHOTELS,2020-08-18,2.3556,UNEXPLAINED_KITE_FLAT
THEMISMED,2015-11-23,7.2797,UNEXPLAINED_KITE_FLAT
THERMAX,2006-03-31,0.2110,REVERTED
THINKSOFT,2010-06-11,0.5793,UNEXPLAINED
THIRUSUGAR,2019-04-02,0.5682,UNEXPLAINED
THOMASCOOK,2019-12-19,0.4649,UNEXPLAINED_KITE_FLAT
THOMASCOTT,2012-12-03,0.6367,UNEXPLAINED
THOMASCOTT,2013-03-01,0.5366,UNEXPLAINED
THOMASCOTT,2023-02-22,7.8762,UNEXPLAINED_KITE_FLAT
TIDEWATER,2016-03-16,0.2426,UNEXPLAINED
TIDEWATER,2021-10-18,0.1123,UNEXPLAINED
TIJARIA,2014-03-03,0.5909,UNEXPLAINED
TIJARIA,2016-03-09,0.6461,UNEXPLAINED
TIJARIA,2018-07-24,0.6014,UNCONFIRMED_RATIO
TIJARIA,2022-03-29,0.5758,UNEXPLAINED
TIJARIA,2025-06-23,0.6121,UNEXPLAINED
TIJARIA,2026-06-01,0.6075,UNCONFIRMED_RATIO
TIL,2024-10-07,2.1369,UNEXPLAINED
TIMBOR,2015-02-23,0.5588,UNEXPLAINED
TIMESGTY,2011-03-07,0.4380,UNEXPLAINED
TIMKEN,2008-12-01,0.5373,UNEXPLAINED_KITE_FLAT
TINPLATE,2009-08-21,1.4400,UNEXPLAINED
TIPSINDLTD,2007-06-08,1.7843,UNEXPLAINED
TIPSINDLTD,2020-03-04,1.6160,UNEXPLAINED
TIPSINDLTD,2021-04-27,1.4422,UNEXPLAINED
TIPSINDLTD,2021-09-13,1.4306,REVERTED
TIPSINDLTD,2023-04-21,0.0960,UNEXPLAINED
TIRUMALCHM,2006-08-28,1.4540,UNEXPLAINED_KITE_FLAT
TIRUPATIFL,2022-01-04,0.4517,UNEXPLAINED
TIRUPATIFL,2024-04-15,2.2000,UNEXPLAINED
TIRUPATIFL,2025-08-11,1.5824,UNEXPLAINED
TITANOCOMP,2006-05-02,1.3519,UNEXPLAINED
TNPETRO,2008-02-29,0.5799,UNEXPLAINED_KITE_FLAT
TNPETRO,2014-06-13,1.4009,UNEXPLAINED_KITE_FLAT
TNTELE,2006-06-12,0.6289,UNEXPLAINED
TNTELE,2008-02-29,0.5949,UNCONFIRMED_RATIO
TODAYS,2013-12-16,1.6296,UNEXPLAINED
TOKYOPLAST,2006-06-12,0.4462,UNEXPLAINED_KITE_FLAT
TORNTPHARM,2006-02-20,0.2459,UNEXPLAINED_KITE_FLAT
TPHQ,2025-04-15,0.5469,UNEXPLAINED
TREJHARA,2020-09-28,1.5631,UNEXPLAINED_KITE_FLAT
TREJHARA,2024-08-12,2.6392,UNEXPLAINED_KITE_FLAT
TREJHARA,2026-03-09,0.6331,UNEXPLAINED_KITE_FLAT
TRF,2014-06-30,2.0702,UNEXPLAINED_KITE_FLAT
TRIL,2017-09-28,0.1036,UNEXPLAINED
TRIL,2024-05-06,1.7437,UNEXPLAINED
TRIVENI,2026-07-22,0.5843,UNEXPLAINED_BOTH_MOVE
TRU,2025-09-09,0.4134,UNEXPLAINED_KITE_FLAT
TTL,2025-03-17,0.6070,REVERTED
TTML,2021-04-27,1.8060,UNEXPLAINED_KITE_FLAT
TTML,2021-10-12,2.3181,UNEXPLAINED_KITE_FLAT
TULSI,2026-06-29,0.2439,UNEXPLAINED
TULSYAN,2010-02-08,1.4314,REVERTED
TVSELECT,2006-06-12,0.5102,UNEXPLAINED_KITE_FLAT
TVVISION,2019-06-25,0.5169,UNEXPLAINED
TVVISION,2020-10-12,0.6087,UNCONFIRMED_RATIO
TVVISION,2024-01-31,1.3529,UNEXPLAINED
TVVISION,2026-03-23,0.4357,UNEXPLAINED
TWL,2014-06-13,1.5397,UNEXPLAINED
TWL,2015-04-23,0.1939,UNEXPLAINED
UBENGG,2013-06-14,0.5531,UNEXPLAINED
UBENGG,2014-03-03,0.6442,UNEXPLAINED
UFBL,2026-02-02,1.3936,UNEXPLAINED
UJAAS,2022-03-29,0.6412,UNEXPLAINED
UJAAS,2023-10-17,0.5949,UNCONFIRMED_RATIO
UMANGDAIRY,2024-11-11,0.6194,UNEXPLAINED
UMESLTD,2013-03-01,0.6422,UNEXPLAINED_KITE_FLAT
UMESLTD,2021-04-27,1.7027,UNEXPLAINED_KITE_FLAT
UMESLTD,2022-03-16,0.6180,UNEXPLAINED_KITE_FLAT
UMITL,2006-06-12,0.5156,UNEXPLAINED
UMITL,2007-06-08,0.5678,UNEXPLAINED
UMITL,2009-11-20,3.2667,REVERTED
UNIPHOS,2005-09-27,0.2183,UNEXPLAINED
UNIPHOS,2008-10-29,0.5103,UNEXPLAINED
UNIPLY,2012-08-31,0.6204,UNEXPLAINED
UNIPLY,2013-09-02,0.5496,UNEXPLAINED
UNIPLY,2015-09-08,3.1360,UNEXPLAINED
UNITECH,2006-06-23,0.0162,REVERTED
UNITECH,2008-10-24,0.5032,REVERTED
UNITECH,2008-10-27,1.3758,REAL
UNITECH,2015-06-03,0.6431,REAL
UNITECH,2019-02-22,0.5778,UNEXPLAINED_KITE_FLAT
UNITECH,2025-10-07,7.3900,UNEXPLAINED_KITE_FLAT
UNITEDPOLY,2025-11-10,1.5742,REVERTED
UNITY,2026-06-29,0.3333,UNCONFIRMED_RATIO
UNIVAFOODS,2026-06-29,1.5035,UNCONFIRMED_RATIO
UNIVCABLES,2005-07-08,1.3524,UNEXPLAINED_KITE_FLAT
UNIVCABLES,2016-02-22,2.5448,UNEXPLAINED_KITE_FLAT
UNIWESTBNK,2006-06-12,0.5512,UNEXPLAINED
UPERGANGES,2006-06-19,0.4412,UNEXPLAINED
UPERGANGES,2008-12-01,0.3232,UNEXPLAINED
URJA,2018-05-02,4.5238,UNEXPLAINED_KITE_FLAT
URJA,2020-05-27,1.4545,UNEXPLAINED_KITE_FLAT
URJA,2024-05-06,0.5340,UNEXPLAINED_KITE_FLAT
UTIBANKETF,2021-02-17,0.1060,UNEXPLAINED
UTINEXT50,2021-03-25,0.1060,UNEXPLAINED
UTINIFTETF,2023-09-25,0.0999,UNCONFIRMED_RATIO
UTISXN50,2021-02-17,0.1200,UNEXPLAINED
UTTAMSTL,2018-05-02,0.6120,UNEXPLAINED
UTTAMSTL,2022-03-29,0.6291,UNEXPLAINED
UTTAMSUGAR,2008-12-01,0.3049,UNEXPLAINED_KITE_FLAT
UTTAMSUGAR,2009-06-12,1.4454,UNEXPLAINED_KITE_FLAT
UVSL,2018-10-30,0.5000,UNCONFIRMED_RATIO
UVSL,2018-11-06,1.5000,UNCONFIRMED_RATIO
UVSL,2019-04-25,0.5000,REVERTED
UVSL,2019-04-26,2.0000,UNCONFIRMED_RATIO
UVSL,2019-05-09,0.5000,REVERTED
UVSL,2019-05-10,2.0000,UNCONFIRMED_RATIO
UVSL,2019-05-13,0.5000,REVERTED
UVSL,2019-05-14,2.0000,UNCONFIRMED_RATIO
UVSL,2019-05-20,0.5000,REVERTED
UVSL,2019-05-21,2.0000,UNCONFIRMED_RATIO
UVSL,2019-06-13,0.5000,REVERTED
UVSL,2019-06-14,2.0000,UNCONFIRMED_RATIO
UVSL,2019-07-03,0.5000,REVERTED
UVSL,2019-07-04,2.0000,UNCONFIRMED_RATIO
UVSL,2019-07-10,0.5000,UNCONFIRMED_RATIO
UVSL,2019-07-11,2.0000,REVERTED
UVSL,2019-07-12,0.5000,REVERTED
UVSL,2019-07-15,2.0000,REVERTED
UVSL,2019-07-16,0.5000,REVERTED
UVSL,2019-07-18,2.0000,REVERTED
UVSL,2019-07-22,0.5000,REVERTED
UVSL,2019-07-23,2.0000,UNCONFIRMED_RATIO
UVSL,2019-07-24,0.5000,REVERTED
UVSL,2019-07-26,2.0000,UNCONFIRMED_RATIO
UVSL,2019-09-17,0.5000,UNCONFIRMED_RATIO
UVSL,2019-09-18,2.0000,REVERTED
UVSL,2019-09-19,0.5000,REVERTED
UVSL,2019-09-24,2.0000,UNCONFIRMED_RATIO
UVSL,2019-09-30,0.5000,UNCONFIRMED_RATIO
UVSL,2019-10-07,2.0000,REVERTED
UVSL,2019-10-09,0.5000,UNCONFIRMED_RATIO
UVSL,2019-10-10,2.0000,REVERTED
UVSL,2019-10-14,0.5000,UNCONFIRMED_RATIO
UVSL,2019-10-30,2.0000,UNCONFIRMED_RATIO
UVSL,2019-11-06,0.5000,REVERTED
UVSL,2019-12-10,3.0000,UNCONFIRMED_RATIO
UVSL,2019-12-20,1.5000,UNCONFIRMED_RATIO
UVSL,2020-01-09,1.5000,UNCONFIRMED_RATIO
UVSL,2020-01-13,1.5000,REVERTED
UVSL,2020-01-15,1.5000,REVERTED
UVSL,2020-02-03,0.5000,REVERTED
UVSL,2020-02-04,2.0000,UNCONFIRMED_RATIO
UVSL,2020-02-10,0.5000,UNCONFIRMED_RATIO
UVSL,2020-02-14,2.0000,UNCONFIRMED_RATIO
UVSL,2020-02-20,0.5000,REVERTED
UVSL,2020-02-24,2.0000,UNCONFIRMED_RATIO
UVSL,2020-02-26,0.5000,REVERTED
UVSL,2020-02-27,2.0000,UNCONFIRMED_RATIO
UVSL,2020-03-02,0.5000,REVERTED
UVSL,2020-03-03,2.0000,UNCONFIRMED_RATIO
UVSL,2020-03-12,0.5000,REVERTED
UVSL,2020-08-18,11.0000,UNEXPLAINED
V2RETAIL,2013-03-01,0.6172,UNEXPLAINED_KITE_FLAT
V2RETAIL,2015-02-23,5.3355,UNEXPLAINED_KITE_FLAT
V2RETAIL,2023-12-26,2.6830,UNEXPLAINED_KITE_FLAT
V2RETAIL,2025-06-16,4.3045,UNEXPLAINED_KITE_FLAT
VAKRANGEE,2018-06-01,0.3089,UNEXPLAINED_KITE_FLAT
VAKRANSOFT,2010-06-11,1.6547,UNCONFIRMED_RATIO
VAKRANSOFT,2012-04-12,0.0572,UNEXPLAINED
VALECHAENG,2026-06-29,33.8624,UNEXPLAINED
VALUEIND,2026-06-29,0.4246,UNEXPLAINED
VARDMNPOLY,2020-03-04,0.2886,UNEXPLAINED_KITE_FLAT
VARDMNPOLY,2020-08-18,1.8100,UNEXPLAINED_KITE_FLAT
VARDMNPOLY,2024-05-06,1.8371,UNEXPLAINED_KITE_FLAT
VARUN,2012-08-31,0.4671,UNEXPLAINED
VARUN,2013-03-01,0.5694,UNEXPLAINED
VASCONEQ,2014-06-30,1.3685,UNEXPLAINED_KITE_FLAT
VASWANI,2014-03-04,0.4384,UNEXPLAINED_KITE_FLAT
VASWANI,2016-01-05,1.4186,UNEXPLAINED
VCL,2022-06-21,0.5437,UNEXPLAINED
VCL,2025-01-28,0.5290,UNEXPLAINED
VEDL,2026-04-30,0.3510,UNEXPLAINED_BOTH_MOVE
VENUSREM,2020-11-10,2.2673,UNEXPLAINED
VERTOZ,2025-07-14,7.2166,UNEXPLAINED_KITE_FLAT
VICEROY,2009-03-02,0.4843,UNEXPLAINED
VIJIFIN,2016-10-25,0.0987,UNCONFIRMED_RATIO
VIJIFIN,2017-03-07,0.4940,UNCONFIRMED_RATIO
VIJIFIN,2017-10-18,0.6466,REVERTED
VIJIFIN,2018-05-02,0.5000,UNCONFIRMED_RATIO
VIJIFIN,2019-01-08,0.3302,UNCONFIRMED_RATIO
VIJIFIN,2020-08-18,0.5455,UNEXPLAINED
VIJIFIN,2021-10-12,1.5833,UNEXPLAINED
VIJIFIN,2022-03-29,1.7609,UNEXPLAINED
VIJIFIN,2025-03-17,0.5787,UNEXPLAINED
VIJSHAN,2012-06-15,0.5043,UNCONFIRMED_RATIO
VIKASECO,2020-11-10,0.4128,UNEXPLAINED_KITE_FLAT
VIKASECO,2022-01-04,1.4318,UNEXPLAINED_KITE_FLAT
VIKASGLOB,2012-03-02,0.4578,UNEXPLAINED
VIKASGLOB,2014-06-13,0.1199,UNEXPLAINED
VIKASGLOB,2014-11-13,0.4036,UNCONFIRMED_RATIO
VIKASHMET,2012-06-15,0.5172,UNEXPLAINED
VIKASMCORP,2020-08-18,8.2286,UNEXPLAINED
VIKASPROP,2022-03-29,0.5968,UNCONFIRMED_RATIO
VIKASWSP,2022-03-29,0.5982,UNCONFIRMED_RATIO
VIMTALABS,2006-02-24,0.2105,UNEXPLAINED_KITE_FLAT
VIMTALABS,2011-09-06,0.6106,UNEXPLAINED_KITE_FLAT
VINATIORGA,2009-10-30,0.2176,UNEXPLAINED_KITE_FLAT
VINDHYATEL,2006-06-12,1.3979,UNEXPLAINED_KITE_FLAT
VINDHYATEL,2009-03-02,1.4030,UNEXPLAINED_KITE_FLAT
VINDHYATEL,2009-06-12,1.4590,UNEXPLAINED_KITE_FLAT
VINNY,2025-08-04,0.2303,UNEXPLAINED_KITE_FLAT
VINTAGE,2006-06-12,0.3323,UNCONFIRMED_RATIO
VINYLCHEM,2006-06-12,0.4012,UNCONFIRMED_RATIO
VINYLINDIA,2022-12-26,0.5729,UNEXPLAINED_KITE_FLAT
VIPIND,2005-07-08,1.3874,UNEXPLAINED_KITE_FLAT
VIPUL,2014-09-09,2.5213,UNCONFIRMED_RATIO
VIPULLTD,2024-07-01,1.3921,UNEXPLAINED
VIPULLTD,2025-08-04,0.3042,UNEXPLAINED
VISAKAIND,2008-12-01,0.5192,UNEXPLAINED
VISAKAIND,2009-11-20,1.5123,UNCONFIRMED_RATIO
VISASTEEL,2022-06-21,0.5019,UNCONFIRMED_RATIO
VISASTEEL,2025-09-30,2.5509,UNEXPLAINED
VISESHINFO,2013-03-01,0.5352,UNEXPLAINED
VISESHINFO,2013-08-30,0.3226,REVERTED
VISESHINFO,2014-09-09,1.7500,UNEXPLAINED
VISESHINFO,2014-11-18,1.5000,UNCONFIRMED_RATIO
VISESHINFO,2014-11-21,1.5000,REVERTED
VISESHINFO,2014-12-10,1.5000,UNCONFIRMED_RATIO
VISESHINFO,2014-12-19,1.5000,REVERTED
VISESHINFO,2014-12-24,1.5000,REVERTED
VISESHINFO,2014-12-29,1.5000,REVERTED
VISESHINFO,2014-12-31,1.5000,REVERTED
VISESHINFO,2015-01-06,1.5000,REVERTED
VISESHINFO,2015-01-08,1.5000,REVERTED
VISESHINFO,2015-01-13,1.5000,REVERTED
VISESHINFO,2015-01-16,1.5000,REVERTED
VISESHINFO,2015-01-20,1.5000,UNCONFIRMED_RATIO
VISESHINFO,2015-01-27,1.5000,UNCONFIRMED_RATIO
VISESHINFO,2015-03-16,1.5000,REVERTED
VISESHINFO,2015-03-25,1.5000,REVERTED
VISESHINFO,2015-03-30,0.5000,REVERTED
VISESHINFO,2015-03-31,2.0000,UNCONFIRMED_RATIO
VISESHINFO,2015-04-06,1.5000,REVERTED
VISESHINFO,2015-04-08,1.5000,REVERTED
VISESHINFO,2015-04-10,1.5000,UNCONFIRMED_RATIO
VISESHINFO,2015-04-15,1.5000,UNCONFIRMED_RATIO
VISESHINFO,2015-04-17,1.5000,UNCONFIRMED_RATIO
VISESHINFO,2015-04-27,1.5000,UNCONFIRMED_RATIO
VISESHINFO,2015-04-29,1.5000,UNCONFIRMED_RATIO
VISESHINFO,2015-05-04,1.5000,UNCONFIRMED_RATIO
VISESHINFO,2015-05-18,1.5000,REVERTED
VISESHINFO,2015-05-22,1.5000,REVERTED
VISESHINFO,2015-06-08,1.5000,REVERTED
VISESHINFO,2015-06-18,1.5000,REVERTED
VISESHINFO,2015-06-26,1.5000,REVERTED
VISESHINFO,2015-06-30,1.5000,UNCONFIRMED_RATIO
VISESHINFO,2015-07-02,1.5000,UNCONFIRMED_RATIO
VISESHINFO,2015-07-06,1.5000,REVERTED
VISESHINFO,2015-07-09,1.5000,REVERTED
VISESHINFO,2015-07-14,1.5000,REVERTED
VISESHINFO,2015-07-28,0.5000,REVERTED
VISESHINFO,2015-07-29,2.0000,UNCONFIRMED_RATIO
VISESHINFO,2015-07-30,0.5000,REVERTED
VISESHINFO,2015-07-31,2.0000,UNCONFIRMED_RATIO
VISESHINFO,2015-08-03,1.5000,REVERTED
VISESHINFO,2015-08-07,1.5000,REVERTED
VISESHINFO,2015-08-20,0.5000,REVERTED
VISESHINFO,2015-08-21,2.0000,UNCONFIRMED_RATIO
VISESHINFO,2015-08-27,0.5000,REVERTED
VISESHINFO,2015-08-31,2.0000,UNCONFIRMED_RATIO
VISESHINFO,2015-09-07,0.5000,UNCONFIRMED_RATIO
VISESHINFO,2015-09-08,2.0000,REVERTED
VISESHINFO,2015-09-09,0.5000,REVERTED
VISESHINFO,2015-09-10,2.0000,UNCONFIRMED_RATIO
VISESHINFO,2015-09-11,0.5000,REVERTED
VISESHINFO,2015-09-15,2.0000,UNCONFIRMED_RATIO
VISESHINFO,2015-09-28,0.5000,REVERTED
VISESHINFO,2015-09-29,2.0000,UNCONFIRMED_RATIO
VISESHINFO,2015-09-30,0.5000,REVERTED
VISESHINFO,2015-10-01,2.0000,UNCONFIRMED_RATIO
VISESHINFO,2015-10-07,0.5000,REVERTED
VISESHINFO,2015-10-08,2.0000,UNCONFIRMED_RATIO
VISESHINFO,2015-10-15,0.5000,REVERTED
VISESHINFO,2015-10-16,2.0000,UNCONFIRMED_RATIO
VISESHINFO,2015-10-21,0.5000,REVERTED
VISESHINFO,2015-10-23,2.0000,UNCONFIRMED_RATIO
VISESHINFO,2015-11-06,0.5000,REVERTED
VISESHINFO,2015-11-09,2.0000,UNCONFIRMED_RATIO
VISESHINFO,2015-11-11,0.5000,REVERTED
VISESHINFO,2015-11-13,2.0000,UNCONFIRMED_RATIO
VISESHINFO,2015-11-18,0.5000,REVERTED
VISESHINFO,2015-11-19,2.0000,UNCONFIRMED_RATIO
VISESHINFO,2015-12-22,0.5000,REVERTED
VISESHINFO,2015-12-23,2.0000,UNCONFIRMED_RATIO
VISESHINFO,2016-01-04,1.5000,UNCONFIRMED_RATIO
VISESHINFO,2016-01-12,1.5000,UNCONFIRMED_RATIO
VISESHINFO,2016-01-19,1.5000,UNCONFIRMED_RATIO
VISESHINFO,2016-01-21,1.5000,UNCONFIRMED_RATIO
VISESHINFO,2016-02-02,1.5000,REVERTED
VISESHINFO,2016-02-08,1.5000,REVERTED
VISESHINFO,2016-03-10,0.5000,REVERTED
VISESHINFO,2016-03-11,2.0000,UNCONFIRMED_RATIO
VISESHINFO,2016-03-23,0.5000,REVERTED
VISESHINFO,2016-03-28,2.0000,UNCONFIRMED_RATIO
VISESHINFO,2016-03-29,0.5000,REVERTED
VISESHINFO,2016-03-30,2.0000,UNCONFIRMED_RATIO
VISESHINFO,2016-04-04,0.5000,REVERTED
VISESHINFO,2016-04-05,2.0000,UNCONFIRMED_RATIO
VISESHINFO,2016-04-06,0.5000,REVERTED
VISESHINFO,2016-04-07,2.0000,UNCONFIRMED_RATIO
VISESHINFO,2016-04-20,0.5000,REVERTED
VISESHINFO,2016-04-21,2.0000,UNCONFIRMED_RATIO
VISESHINFO,2016-04-26,0.5000,REVERTED
VISESHINFO,2016-04-27,2.0000,UNCONFIRMED_RATIO
VISESHINFO,2016-05-03,0.5000,REVERTED
VISESHINFO,2016-05-04,2.0000,UNCONFIRMED_RATIO
VISESHINFO,2016-06-07,0.5000,REVERTED
VISESHINFO,2016-06-08,2.0000,REVERTED
VISESHINFO,2016-06-09,0.5000,UNCONFIRMED_RATIO
VISESHINFO,2016-06-10,2.0000,REVERTED
VISESHINFO,2016-06-13,0.5000,REVERTED
VISESHINFO,2016-06-14,2.0000,REVERTED
VISESHINFO,2016-06-15,0.5000,UNCONFIRMED_RATIO
VISESHINFO,2016-06-17,2.0000,UNCONFIRMED_RATIO
VISESHINFO,2016-06-21,0.5000,REVERTED
VISESHINFO,2016-06-23,2.0000,UNCONFIRMED_RATIO
VISESHINFO,2016-06-29,0.5000,REVERTED
VISESHINFO,2016-07-01,2.0000,UNCONFIRMED_RATIO
VISESHINFO,2016-07-04,1.5000,REVERTED
VISESHINFO,2016-07-07,1.5000,REVERTED
VISESHINFO,2016-07-12,1.5000,REVERTED
VISESHINFO,2016-07-15,1.5000,REVERTED
VISESHINFO,2016-07-20,1.5000,UNCONFIRMED_RATIO
VISESHINFO,2016-07-22,1.5000,UNCONFIRMED_RATIO
VISESHINFO,2016-07-26,1.5000,UNCONFIRMED_RATIO
VISESHINFO,2016-07-29,1.5000,REVERTED
VISESHINFO,2016-08-02,1.5000,REVERTED
VISESHINFO,2016-08-08,1.5000,REVERTED
VISESHINFO,2016-09-14,0.5000,REVERTED
VISESHINFO,2016-09-15,2.0000,UNCONFIRMED_RATIO
VISESHINFO,2016-09-27,1.5000,REVERTED
VISESHINFO,2016-10-04,1.5000,UNCONFIRMED_RATIO
VISESHINFO,2016-10-07,1.5000,REVERTED
VISESHINFO,2017-06-09,1.5000,UNCONFIRMED_RATIO
VISESHINFO,2017-06-15,1.5000,UNCONFIRMED_RATIO
VISESHINFO,2017-06-27,1.5000,UNCONFIRMED_RATIO
VISESHINFO,2017-06-29,1.5000,UNCONFIRMED_RATIO
VISESHINFO,2017-07-04,1.5000,UNCONFIRMED_RATIO
VISESHINFO,2017-07-06,1.5000,UNCONFIRMED_RATIO
VISESHINFO,2017-07-26,1.5000,UNCONFIRMED_RATIO
VISESHINFO,2017-07-28,1.5000,UNCONFIRMED_RATIO
VISESHINFO,2017-08-04,1.5000,UNCONFIRMED_RATIO
VISESHINFO,2018-01-12,1.5000,REVERTED
VISESHINFO,2018-06-06,0.3333,UNCONFIRMED_RATIO
VISESHINFO,2018-06-11,1.5000,REVERTED
VISESHINFO,2018-06-14,1.5000,REVERTED
VISESHINFO,2018-06-20,1.5000,REVERTED
VISESHINFO,2018-06-26,0.5000,REVERTED
VISESHINFO,2018-06-27,2.0000,UNCONFIRMED_RATIO
VISESHINFO,2018-07-09,0.5000,REVERTED
VISESHINFO,2018-07-10,2.0000,UNCONFIRMED_RATIO
VISESHINFO,2018-07-17,0.5000,REVERTED
VISESHINFO,2018-07-18,2.0000,UNCONFIRMED_RATIO
VISESHINFO,2018-07-19,0.5000,REVERTED
VISESHINFO,2018-07-20,2.0000,UNCONFIRMED_RATIO
VISESHINFO,2018-08-16,1.5000,REVERTED
VISESHINFO,2018-09-04,0.5000,REVERTED
VISESHINFO,2018-09-05,2.0000,UNCONFIRMED_RATIO
VISESHINFO,2018-09-10,1.5000,REVERTED
VISESHINFO,2018-09-19,0.5000,REVERTED
VISESHINFO,2018-09-21,2.0000,UNCONFIRMED_RATIO
VISESHINFO,2018-09-25,0.5000,REVERTED
VISESHINFO,2018-09-26,2.0000,UNCONFIRMED_RATIO
VISESHINFO,2018-10-03,0.5000,REVERTED
VISESHINFO,2018-10-05,2.0000,UNCONFIRMED_RATIO
VISESHINFO,2018-10-17,0.5000,REVERTED
VISESHINFO,2018-10-19,2.0000,UNCONFIRMED_RATIO
VISESHINFO,2018-10-29,0.5000,REVERTED
VISESHINFO,2018-10-30,2.0000,UNCONFIRMED_RATIO
VISESHINFO,2018-11-06,0.5000,REVERTED
VISESHINFO,2018-11-07,2.0000,REVERTED
VISESHINFO,2018-11-09,1.5000,REVERTED
VISESHINFO,2018-11-14,1.5000,REVERTED
VISESHINFO,2018-11-26,0.5000,REVERTED
VISESHINFO,2018-11-28,2.0000,UNCONFIRMED_RATIO
VISESHINFO,2018-11-29,0.5000,REVERTED
VISESHINFO,2018-11-30,2.0000,UNCONFIRMED_RATIO
VISESHINFO,2018-12-04,0.5000,UNCONFIRMED_RATIO
VISESHINFO,2018-12-05,2.0000,REVERTED
VISESHINFO,2018-12-07,0.5000,UNCONFIRMED_RATIO
VISESHINFO,2018-12-14,2.0000,REVERTED
VISESHINFO,2018-12-17,0.5000,UNCONFIRMED_RATIO
VISESHINFO,2018-12-20,2.0000,REVERTED
VISESHINFO,2018-12-21,0.5000,REVERTED
VISESHINFO,2018-12-26,2.0000,REVERTED
VISESHINFO,2018-12-27,0.5000,REVERTED
VISESHINFO,2018-12-28,2.0000,UNCONFIRMED_RATIO
VISESHINFO,2019-01-01,0.5000,REVERTED
VISESHINFO,2019-01-03,2.0000,REVERTED
VISESHINFO,2019-01-22,0.5000,REVERTED
VISESHINFO,2019-01-25,2.0000,UNCONFIRMED_RATIO
VISESHINFO,2019-01-30,0.5000,REVERTED
VISESHINFO,2019-02-11,2.0000,UNCONFIRMED_RATIO
VISESHINFO,2019-02-18,0.5000,REVERTED
VISESHINFO,2019-03-05,2.0000,UNCONFIRMED_RATIO
VISESHINFO,2019-03-06,0.5000,REVERTED
VISESHINFO,2019-03-07,2.0000,UNCONFIRMED_RATIO
VISESHINFO,2019-04-01,0.5000,REVERTED
VISESHINFO,2019-04-03,2.0000,UNCONFIRMED_RATIO
VISESHINFO,2019-06-25,0.5000,UNCONFIRMED_RATIO
VISESHINFO,2019-06-28,2.0000,UNCONFIRMED_RATIO
VISESHINFO,2019-07-01,0.5000,REVERTED
VISESHINFO,2019-07-02,2.0000,UNCONFIRMED_RATIO
VISESHINFO,2019-07-05,0.5000,UNCONFIRMED_RATIO
VISESHINFO,2019-07-08,2.0000,REVERTED
VISESHINFO,2019-07-09,0.5000,UNCONFIRMED_RATIO
VISESHINFO,2019-07-15,2.0000,UNCONFIRMED_RATIO
VISESHINFO,2019-07-17,0.5000,UNCONFIRMED_RATIO
VISESHINFO,2019-07-19,2.0000,REVERTED
VISESHINFO,2019-07-23,0.5000,UNCONFIRMED_RATIO
VISESHINFO,2019-07-25,2.0000,REVERTED
VISESHINFO,2019-07-26,0.5000,REVERTED
VISESHINFO,2019-07-29,2.0000,REVERTED
VISESHINFO,2019-07-30,0.5000,REVERTED
VISESHINFO,2019-08-01,2.0000,REVERTED
VISESHINFO,2019-08-05,0.5000,UNCONFIRMED_RATIO
VISESHINFO,2019-08-19,2.0000,REVERTED
VISESHINFO,2019-08-20,0.5000,REVERTED
VISESHINFO,2019-08-23,2.0000,UNCONFIRMED_RATIO
VISESHINFO,2019-08-28,0.5000,REVERTED
VISESHINFO,2022-03-29,21.0000,UNEXPLAINED
VISHALEXPO,2005-02-25,0.2401,UNEXPLAINED
VISHALEXPO,2005-08-25,0.3687,REVERTED
VISUINTL,2026-06-29,0.0833,UNEXPLAINED
VITLINFO,2009-02-27,0.1081,UNEXPLAINED
VIVIDHA,2019-09-17,0.5714,UNEXPLAINED_BOTH_MOVE
VIVIDHA,2020-03-04,0.5556,UNEXPLAINED_KITE_FLAT
VIVIDHA,2022-03-29,1.5714,UNEXPLAINED_KITE_FLAT
VIVIMEDLAB,2025-12-26,2.1010,REVERTED
VKSPL,2013-03-01,1.5373,REVERTED
VKSPL,2013-06-14,0.5447,UNEXPLAINED
VKSPL,2014-03-03,0.6000,UNCONFIRMED_RATIO
VKSPL,2015-07-17,1.5000,UNCONFIRMED_RATIO
VKSPL,2015-07-22,1.5000,UNCONFIRMED_RATIO
VKSPL,2015-07-31,1.5000,UNCONFIRMED_RATIO
VKSPL,2015-08-05,1.5000,UNCONFIRMED_RATIO
VKSPL,2015-08-11,1.5000,UNCONFIRMED_RATIO
VKSPL,2015-08-18,1.5000,UNCONFIRMED_RATIO
VKSPL,2015-08-21,1.5000,REVERTED
VKSPL,2015-08-25,1.5000,REVERTED
VKSPL,2015-09-01,1.5000,REVERTED
VKSPL,2015-09-10,1.5000,UNCONFIRMED_RATIO
VKSPL,2015-09-16,1.5000,UNCONFIRMED_RATIO
VKSPL,2015-09-30,1.5000,UNCONFIRMED_RATIO
VKSPL,2015-10-16,1.5000,UNCONFIRMED_RATIO
VKSPL,2015-10-26,1.5000,REVERTED
VKSPL,2015-10-30,1.5000,REVERTED
VKSPL,2015-11-27,0.5000,REVERTED
VKSPL,2015-11-30,2.0000,UNCONFIRMED_RATIO
VKSPL,2015-12-07,1.5000,UNCONFIRMED_RATIO
VKSPL,2015-12-15,1.5000,REVERTED
VKSPL,2015-12-22,1.5000,UNCONFIRMED_RATIO
VKSPL,2015-12-29,1.5000,UNCONFIRMED_RATIO
VKSPL,2016-01-13,1.5000,UNCONFIRMED_RATIO
VKSPL,2016-01-19,1.5000,UNCONFIRMED_RATIO
VKSPL,2016-02-02,1.5000,REVERTED
VKSPL,2016-02-08,1.5000,REVERTED
VKSPL,2016-02-26,0.5000,REVERTED
VKSPL,2016-03-01,2.0000,UNCONFIRMED_RATIO
VKSPL,2016-03-29,0.5000,UNCONFIRMED_RATIO
VKSPL,2016-03-31,2.0000,UNCONFIRMED_RATIO
VKSPL,2016-04-04,0.5000,REVERTED
VKSPL,2016-04-08,2.0000,UNCONFIRMED_RATIO
VKSPL,2016-04-20,0.5000,UNCONFIRMED_RATIO
VKSPL,2016-04-25,2.0000,REVERTED
VKSPL,2016-04-27,0.5000,REVERTED
VKSPL,2016-05-02,2.0000,UNCONFIRMED_RATIO
VKSPL,2016-05-06,1.5000,REVERTED
VKSPL,2016-05-12,1.5000,REVERTED
VKSPL,2016-05-17,0.5000,REVERTED
VKSPL,2016-05-18,2.0000,UNCONFIRMED_RATIO
VKSPL,2016-05-24,0.5000,UNCONFIRMED_RATIO
VKSPL,2016-05-27,2.0000,UNCONFIRMED_RATIO
VKSPL,2016-05-30,0.5000,REVERTED
VKSPL,2016-05-31,2.0000,UNCONFIRMED_RATIO
VKSPL,2016-07-11,0.5000,REVERTED
VKSPL,2016-07-12,2.0000,UNCONFIRMED_RATIO
VKSPL,2016-07-14,0.5000,REVERTED
VKSPL,2016-07-15,2.0000,UNCONFIRMED_RATIO
VKSPL,2016-07-21,1.5000,UNCONFIRMED_RATIO
VKSPL,2016-07-27,1.5000,UNCONFIRMED_RATIO
VKSPL,2016-09-12,0.5000,REVERTED
VKSPL,2016-09-15,2.0000,UNCONFIRMED_RATIO
VKSPL,2016-10-05,0.5000,REVERTED
VKSPL,2016-10-06,2.0000,UNCONFIRMED_RATIO
VKSPL,2016-10-10,0.5000,REVERTED
VKSPL,2016-10-14,2.0000,UNCONFIRMED_RATIO
VKSPL,2016-10-18,0.5000,REVERTED
VKSPL,2016-10-19,2.0000,REVERTED
VKSPL,2016-10-21,0.5000,REVERTED
VKSPL,2016-10-25,2.0000,UNCONFIRMED_RATIO
VKSPL,2016-10-26,0.5000,REVERTED
VKSPL,2016-10-27,2.0000,UNCONFIRMED_RATIO
VKSPL,2016-11-08,0.5000,REVERTED
VKSPL,2016-11-09,2.0000,UNCONFIRMED_RATIO
VKSPL,2016-11-15,1.5000,REVERTED
VKSPL,2016-11-17,1.5000,REVERTED
VKSPL,2016-12-09,1.5000,REVERTED
VKSPL,2016-12-13,1.5000,REVERTED
VKSPL,2016-12-16,1.5000,UNCONFIRMED_RATIO
VKSPL,2016-12-21,1.5000,UNCONFIRMED_RATIO
VLEGOV,2025-08-25,0.4454,UNEXPLAINED_KITE_FLAT
VTMLTD,2026-08-17,1.9932,UNCONFIRMED_RATIO
VYSYABANK,2005-02-21,0.3351,UNCONFIRMED_RATIO
WALCHANNAG,2008-02-25,0.1050,UNEXPLAINED_KITE_FLAT
WALCHANNAG,2023-12-26,2.1762,UNEXPLAINED_KITE_FLAT
WANBURY,2024-04-08,6.4615,UNEXPLAINED_KITE_FLAT
WATERBASE,2026-08-17,0.6290,REAL
WEALTH,2022-06-21,2.1348,UNEXPLAINED_KITE_FLAT
WEBELSOLAR,2008-02-29,0.5485,UNEXPLAINED
WEBELSOLAR,2014-08-06,2.5944,UNEXPLAINED
WEBELSOLAR,2022-06-21,0.5694,UNEXPLAINED_KITE_FLAT
WEBELSOLAR,2024-10-08,1.8207,UNEXPLAINED_KITE_FLAT
WEBELSOLAR,2025-03-25,0.6101,UNEXPLAINED_KITE_FLAT
WEIZMANIND,2007-12-03,1.5449,UNEXPLAINED_KITE_FLAT
WEIZMANIND,2010-12-23,0.2789,UNEXPLAINED_KITE_FLAT
WEIZMANIND,2018-10-16,0.6191,UNEXPLAINED_KITE_FLAT
WEIZMANIND,2020-03-16,0.5996,REAL
WELINV,2023-10-09,1.4179,UNEXPLAINED
WELLWININD,2006-06-12,0.3273,UNEXPLAINED
WELSPUNIND,2009-08-21,2.2827,UNEXPLAINED
WELSPUNIND,2014-08-06,1.3531,UNEXPLAINED
WELSPUNIND,2016-03-21,0.1039,UNEXPLAINED
WEWIN,2026-01-19,0.6287,UNEXPLAINED_KITE_FLAT
WILLAMAGOR,2022-12-06,0.5738,UNEXPLAINED_KITE_FLAT
WINDMACHIN,2023-11-13,1.4466,UNEXPLAINED_KITE_FLAT
WINDSOR,2005-07-08,1.4505,UNEXPLAINED
WINDSOR,2008-02-29,0.6289,UNEXPLAINED
WINDSOR,2009-08-21,2.9055,REVERTED
WINSOME,2016-03-09,1.3684,UNEXPLAINED
WINSOME,2018-09-17,0.5581,UNEXPLAINED
WINSOME,2019-06-25,0.4800,UNEXPLAINED
WINSOME,2019-10-04,1.5000,REVERTED
WINSOME,2019-10-10,1.5000,REVERTED
WINSOME,2019-11-05,1.5000,REVERTED
WINSOME,2023-10-03,38.5000,UNEXPLAINED
WINSOME,2026-06-17,0.5368,UNEXPLAINED
WOCKPHARMA,2013-03-01,1.5721,UNEXPLAINED_KITE_FLAT
WSI,2019-12-23,0.1417,UNEXPLAINED_KITE_FLAT
WSI,2023-03-14,1.8528,UNEXPLAINED_KITE_FLAT
WSI,2024-01-08,1.4039,UNEXPLAINED_KITE_FLAT
WWIL,2009-02-04,1.7680,UNEXPLAINED
XELPMOC,2020-11-10,4.6134,UNEXPLAINED_KITE_FLAT
XPROINDIA,2021-07-20,3.6704,UNEXPLAINED_KITE_FLAT
YAARI,2024-03-13,0.4759,REVERTED
YESBANK,2020-03-06,0.4389,REVERTED
YESBANK,2020-03-11,1.3553,REVERTED
YESBANK,2020-03-16,1.4521,REVERTED
YESBANK,2020-03-17,1.5809,REVERTED
ZEEL,2021-09-14,1.3998,REAL
ZEELEARN,2024-09-30,2.9246,UNEXPLAINED_KITE_FLAT
ZEEMEDIA,2020-03-04,0.5696,UNEXPLAINED_KITE_FLAT
ZEENEWS,2010-04-15,0.2435,UNEXPLAINED
ZENITHBIR,2019-12-23,0.5455,UNEXPLAINED
ZENITHEXPO,2012-01-05,0.6374,REAL
ZENITHEXPO,2018-10-16,0.2777,UNEXPLAINED_KITE_FLAT
ZENITHEXPO,2019-06-25,0.4414,UNEXPLAINED_KITE_FLAT
ZENITHEXPO,2022-12-06,0.5436,UNEXPLAINED_KITE_FLAT
ZENITHINFO,2005-11-25,1.6454,REVERTED
ZENITHINFO,2007-08-31,1.4749,UNEXPLAINED
ZENITHINFO,2013-11-29,0.5436,UNEXPLAINED
ZENITHSTL,2021-04-27,0.6154,REVERTED
ZENITHSTL,2024-12-31,0.5735,UNEXPLAINED_KITE_FLAT
ZICOM,2006-06-12,0.5775,UNEXPLAINED
ZICOM,2020-03-04,0.2295,UNEXPLAINED
ZICOM,2020-08-18,2.0000,UNCONFIRMED_RATIO
ZICOM,2020-11-10,0.6364,UNEXPLAINED
ZODIAC,2022-09-13,1.8046,UNEXPLAINED_KITE_FLAT
ZODIAC,2024-08-26,4.2256,REVERTED
ZODJRDMKJ,2014-06-13,1.4276,UNEXPLAINED
ZUARIAGRO,2012-04-23,0.3263,UNEXPLAINED
ZYLOG,2016-08-19,0.6019,UNCONFIRMED_RATIO
